auth_id,ACS - Student Loans,Amazon Order - Athletic Equipment,Amazon Order - Baby Crib,Amazon Order - Biology Book,Amazon Order - Mathematics Book,Amazon Order - Paint Bushes,Amazon Order - Paint Canvas,Amazon Order - Science Book,Amazon Order - Star Wars Figurine,Art Auction,Art Museum,Art's Art Supplies,Ashley's Craft Store,Athletic Apparel,"Babies ""R"" Us",Bank Fee - Negative Balance,Best Western Hotel,Bike Rental,Bowling,BuyBuyBaby.com,Cancun Beach Resort,Coffee,Comfort Inn,Concert Ticket,Credit Card Overdraft Fee,Credit Card Payment,DVD - Star Trek,Dick's Sporting Goods,Divorce Lawyer Fees,FedEx Shipping,Fisker Night Club,Food Delivery - GrubHub,Food Delivery - Uber Eats,GNC,Gas & Electric,Goods2 - ThinkGeek,Green Flash Brewery,Guitar Center,Hamilton Move & Storage,Home Depot,Hospital - Prenatal Care,Housing Rent,Housing Rent - Late Fee,Ice Skating Rink,Jerome's Furniture,John's Bar & Restaurant,Karaoke Bar,Kay Jewelry,Library Membership,Lyft,Mark's Movers,Mary's Book Store,Michael's Crafts,Movie Ticket,Music Lessons - Piano,NBA Ticket - Lakers,NFL Ticket - Chargers,Navient - Student Loans,Netflix Subscription,On Demand Movie,On Demand TV,Online Education Courses,Owl Night Club,Painting Course Fees,Paycheck,Pet Smart,Pet Supply - Cat Food,PlayStation Membership,Podcast Subscription,Public Transportation - Bus Pass,Public Transportation - Train Pass,Ralph's Grocery Store,Red Box DVD Rental,Refrigerator Depot,Restaurant - Burgers,Restaurant - Chinese,Restaurant - Pizza,Restaurant - Steakhouse,Rodriguez's Bar and Grill,Sam's Sporting Apparel,San Diego Museum,Science Museum,Seaside Bar,Southwest Flights - Cancun,Sprouts Market,Starbucks Coffee,Taxi,Time Warne Cable - Late Payment Fee,Time Warner Cable,Total Gym Fees,Uber,Video Game - PlayStation,Vitamin Shoppe,Von's Groceries,Water & Sewer,Water & Sewer - Late Payment Penalty,Wedding Planner,Whole Foods,Wine Bar,Wine Delivery
624,-2700.0,0.0,-19.64,0.0,0.0,-4166.339999999997,-4988.899999999999,0.0,0.0,-4460.660000000001,0.0,-4818.679999999999,-3980.8899999999994,0.0,-18.54,0.0,0.0,0.0,0.0,-69.09,-22.88,0.0,0.0,0.0,0.0,0.0,0.0,0.0,0.0,-9.54,0.0,-1750.65,0.0,0.0,-640.0,0.0,0.0,-4414.659999999999,-1.48,-25.14,-14.65,-20511.0,0.0,0.0,-7.18,0.0,0.0,-69.87,0.0,-2089.2100000000005,-20.51,0.0,-3879.12,0.0,-4075.249999999998,0.0,0.0,-3940.0,-99.79999999999998,0.0,0.0,0.0,0.0,-4359.739999999998,50500.0,0.0,0.0,0.0,0.0,-2861.0099999999993,-3382.850000000002,-1278.8000000000004,0.0,-33.21,-1084.6800000000003,-1051.3499999999997,-1511.5500000000002,-1059.27,0.0,0.0,0.0,0.0,0.0,-112.14,-1353.59,-1240.4900000000005,-2397.530000000001,0.0,-500.0,0.0,-3019.4799999999996,0.0,0.0,-1345.1999999999998,-1060.0,0.0,-19.85,-1413.95,0.0,0.0
63891,-2700.0,0.0,-34.93,0.0,0.0,0.0,0.0,0.0,0.0,0.0,0.0,0.0,0.0,0.0,-39.54,0.0,-33.84,0.0,-3467.6900000000005,-29.6,-6.61,0.0,-8.25,-2681.3000000000006,0.0,-3080.0,0.0,0.0,-17.23,-19.92,-2772.1999999999994,-1187.3200000000004,0.0,0.0,-640.0,0.0,-3739.140000000002,0.0,-37.4,-41.56,-16.89,-20526.0,0.0,-2426.2600000000007,-12.21,-3252.0199999999995,-2499.3199999999997,-2.63,0.0,-2382.08,-24.32,0.0,0.0,-4069.990000000001,0.0,0.0,0.0,-3940.0,-99.79999999999998,0.0,0.0,0.0,-3605.6,0.0,5842.0,0.0,0.0,0.0,0.0,-2556.9299999999994,-3356.55,-1297.25,0.0,-116.25,-1523.39,-1944.1499999999996,-1045.0099999999998,-1337.55,-3484.1600000000003,0.0,0.0,0.0,-3646.230000000002,-23.98,-1683.3299999999997,-1392.9200000000003,-2377.71,0.0,-500.0,0.0,-2654.1800000000003,0.0,0.0,-1394.9300000000007,-1060.0,0.0,-20.87,-1133.3,-3292.68,0.0
89593,-2700.0,0.0,-72.61,0.0,0.0,0.0,0.0,0.0,0.0,0.0,0.0,0.0,0.0,0.0,-30.56,0.0,-1.22,0.0,-3005.86,-34.62,-28.23,0.0,-29.14,-3154.110000000001,0.0,-3080.0,0.0,0.0,-2.43,-100.91,-3368.759999999999,-1470.8200000000006,0.0,0.0,-640.0,0.0,-3810.5499999999984,0.0,-58.33,-112.03,-37.48,-19920.0,0.0,-2760.8,-100.6,-3616.630000000001,-2946.32,-28.65,0.0,-2281.5100000000007,-25.44,0.0,0.0,-3316.2499999999995,0.0,0.0,0.0,0.0,-99.79999999999998,0.0,0.0,0.0,-3553.0100000000016,0.0,52540.0,0.0,0.0,0.0,0.0,-2783.0299999999993,-2815.1299999999987,-1225.0200000000002,0.0,-9.67,-1710.6500000000003,-1536.8199999999995,-1271.5400000000004,-965.2600000000002,-2630.2199999999993,0.0,0.0,0.0,-2588.6200000000003,-16.9,-1345.2499999999995,-1099.96,-1737.6799999999996,0.0,-500.0,0.0,-2101.859999999999,0.0,0.0,-918.6600000000001,0.0,0.0,-22.13,-1316.9699999999996,-3148.539999999999,0.0
99842,-2700.0,0.0,-32.24,0.0,0.0,-4480.940000000001,-3417.420000000001,0.0,0.0,-4593.660000000002,0.0,-3821.8700000000013,-3713.419999999999,0.0,-18.65,0.0,0.0,0.0,0.0,-33.63,0.0,0.0,0.0,0.0,0.0,-3080.0,0.0,0.0,0.0,0.0,0.0,-880.1600000000002,0.0,0.0,-640.0,0.0,0.0,-3891.1800000000007,0.0,0.0,-19.78,-20764.0,0.0,0.0,0.0,0.0,0.0,0.0,0.0,-2048.9599999999996,0.0,0.0,-3476.7,0.0,-3776.6799999999994,0.0,0.0,-3940.0,0.0,0.0,0.0,0.0,0.0,-4271.95,54701.0,0.0,0.0,0.0,0.0,-2231.1800000000003,-3124.969999999999,-1291.8899999999999,0.0,0.0,-877.7199999999999,-1275.64,-1091.61,-1230.2099999999998,0.0,0.0,0.0,0.0,0.0,0.0,-1062.6800000000007,-1214.3799999999999,-2066.72,0.0,-500.0,0.0,-2138.4700000000007,0.0,0.0,-1026.95,-1060.0,0.0,0.0,-1388.0000000000002,0.0,0.0
57556,0.0,0.0,-6.92,0.0,0.0,-3639.0399999999986,-3480.709999999998,0.0,0.0,-4633.379999999998,0.0,-3865.379999999999,-4380.280000000002,0.0,-9.71,0.0,0.0,0.0,0.0,-38.79,-11.3,0.0,0.0,0.0,0.0,-3080.0,0.0,0.0,0.0,-13.03,0.0,-1521.7299999999993,0.0,0.0,-640.0,0.0,0.0,-4097.670000000001,-74.88,-36.13,-57.89,-22780.0,0.0,0.0,-25.47,0.0,0.0,-4.88,0.0,-2201.51,-10.78,0.0,-4758.380000000001,0.0,-4021.839999999998,0.0,0.0,-3940.0,-99.79999999999998,0.0,0.0,0.0,0.0,-3785.650000000001,8381.0,0.0,0.0,0.0,0.0,-2083.19,-3014.829999999999,-1429.72,0.0,-8.6,-1763.1699999999996,-1578.77,-951.2199999999999,-977.9000000000001,0.0,0.0,0.0,0.0,0.0,-8.53,-1578.0199999999998,-1474.85,-2197.57,0.0,0.0,0.0,-2189.5599999999995,0.0,0.0,-1368.72,0.0,0.0,-16.76,-1054.67,0.0,0.0
20128,0.0,0.0,-25.08,-2319.0699999999993,-2736.76,0.0,0.0,-2328.030000000001,-3249.190000000001,0.0,-2120.91,0.0,0.0,0.0,-12.97,0.0,0.0,0.0,0.0,-36.22,-27.35,-3250.2299999999996,0.0,0.0,0.0,0.0,-2416.949999999999,0.0,0.0,-5.95,0.0,-1143.61,0.0,0.0,0.0,-2551.3699999999994,0.0,0.0,-12.27,-18.82,-54.36,-21565.0,0.0,0.0,-30.12,0.0,0.0,-38.31,-2946.86,-2728.679999999999,-32.24,-2536.1599999999994,0.0,0.0,0.0,0.0,0.0,0.0,0.0,0.0,0.0,-2653.880000000001,0.0,0.0,45780.0,0.0,0.0,0.0,0.0,-2604.3799999999997,-2451.639999999998,-1016.03,0.0,-14.38,-1396.1700000000005,-1175.8600000000004,-1137.4099999999996,-928.1099999999999,0.0,0.0,-2689.889999999998,-2891.3200000000006,0.0,-13.24,-874.9499999999999,-838.6,-2449.110000000001,0.0,0.0,0.0,-2078.1199999999994,-2944.9100000000017,0.0,-1109.6200000000001,-1060.0,0.0,-8.35,-1214.43,0.0,0.0
37948,-2700.0,-3705.3799999999983,-12.85,0.0,0.0,0.0,0.0,0.0,0.0,0.0,0.0,0.0,0.0,-3896.1699999999996,-5.8,0.0,-35.02,-3519.3299999999995,0.0,-71.35,-2.33,0.0,-36.95,0.0,0.0,-3080.0,0.0,-4195.509999999998,-72.62,-23.27,0.0,-1277.1000000000004,0.0,-4039.739999999999,0.0,0.0,0.0,0.0,-21.72,-25.91,-37.41,-20734.0,0.0,0.0,-34.02,0.0,0.0,-19.36,0.0,-2686.67,-19.63,0.0,0.0,0.0,0.0,-4552.939999999999,-3459.1799999999994,-3940.0,-99.79999999999998,0.0,0.0,0.0,0.0,0.0,71622.0,0.0,0.0,0.0,0.0,-2326.6499999999996,-2535.44,-1538.73,0.0,-15.81,-1416.3100000000004,-1234.8799999999994,-1012.1700000000001,-1272.22,0.0,-3652.97,0.0,0.0,0.0,-16.42,-900.8399999999999,-1385.4799999999998,-3463.4500000000003,0.0,-500.0,-3759.3600000000006,-2352.209999999999,0.0,-4130.349999999999,-1214.5399999999997,0.0,0.0,-63.95,-1461.9500000000003,0.0,0.0
19209,-2700.0,0.0,-15.3,0.0,0.0,0.0,0.0,0.0,0.0,0.0,0.0,0.0,0.0,0.0,-17.05,0.0,-37.12,0.0,-2607.669999999999,-10.12,-23.23,0.0,-35.22,-2781.6799999999985,0.0,-3080.0,0.0,0.0,-36.51,-36.47,-2793.4100000000017,-1595.6799999999998,0.0,0.0,-640.0,0.0,-3237.010000000001,0.0,-22.49,-33.21,-21.43,-21382.0,0.0,-3378.85,-32.0,-3532.9599999999996,-2696.6599999999994,-0.51,0.0,-2313.970000000001,-36.09,0.0,0.0,-3152.190000000001,0.0,0.0,0.0,-3940.0,-99.79999999999998,0.0,0.0,0.0,-3334.579999999999,0.0,56620.0,0.0,0.0,0.0,0.0,-2980.349999999999,-1807.8200000000002,-1677.73,0.0,-34.02,-1556.07,-1200.49,-1011.98,-1657.53,-2835.0700000000006,0.0,0.0,0.0,-3087.2300000000005,-111.01,-1549.1499999999996,-1006.6999999999999,-2111.01,0.0,-500.0,0.0,-3221.9299999999994,0.0,0.0,-1000.3800000000001,-1060.0,0.0,-14.45,-1035.7299999999998,-3333.8699999999994,0.0
83049,0.0,0.0,-82.81,-2824.4200000000005,-2763.14,0.0,0.0,-2819.39,-2572.5200000000004,0.0,-2840.410000000001,0.0,0.0,0.0,-0.63,0.0,0.0,0.0,0.0,-15.98,-23.53,-3259.9900000000007,0.0,0.0,0.0,-3080.0,-3516.8500000000017,0.0,0.0,-38.87,0.0,-1259.32,0.0,0.0,0.0,-3203.1800000000003,0.0,0.0,-23.25,-69.26,-107.2,-20408.0,0.0,0.0,-36.17,0.0,0.0,-11.26,-2424.8999999999996,-2452.849999999999,-16.76,-2490.060000000001,0.0,0.0,0.0,0.0,0.0,-3940.0,0.0,0.0,0.0,-2237.7099999999996,0.0,0.0,34233.0,0.0,0.0,0.0,0.0,-2891.82,-2075.4100000000003,-1367.0100000000004,0.0,-33.63,-1135.7800000000002,-1326.8399999999997,-1497.8700000000001,-1133.25,0.0,0.0,-1819.7299999999996,-2539.85,0.0,-8.34,-1327.1799999999998,-831.27,-2375.8299999999995,0.0,0.0,0.0,-3018.83,-3046.900000000001,0.0,-1139.6499999999999,0.0,0.0,-11.33,-793.0100000000001,0.0,0.0
93372,-2700.0,-3373.72,-28.51,0.0,0.0,0.0,0.0,0.0,0.0,0.0,0.0,0.0,0.0,-3665.0399999999995,-37.47,0.0,-32.09,-4362.570000000001,0.0,-36.16,-18.17,0.0,-14.01,0.0,0.0,0.0,0.0,-3676.0600000000013,-14.03,-9.75,0.0,-1145.9099999999999,0.0,-3942.8799999999997,-640.0,0.0,0.0,0.0,-51.23,-72.64,-35.91,-22370.0,0.0,0.0,-37.91,0.0,0.0,-12.3,0.0,-2658.8399999999997,-45.84,0.0,0.0,0.0,0.0,-4282.080000000002,-3197.4700000000003,-3940.0,-99.79999999999998,0.0,0.0,0.0,0.0,0.0,59214.0,0.0,0.0,0.0,0.0,-2830.34,-2587.04,-1063.3799999999999,0.0,-39.4,-1298.0,-1044.9199999999998,-1144.9200000000003,-1113.1399999999996,0.0,-3712.0999999999995,0.0,0.0,0.0,-26.43,-1455.1999999999998,-1285.5299999999997,-2525.1800000000017,0.0,-500.0,-4040.640000000001,-2320.730000000001,0.0,-3776.6699999999996,-1106.5899999999997,-1060.0,0.0,-24.05,-1605.84,0.0,0.0
7299,-2700.0,0.0,-13.62,-2625.82,-2780.360000000001,0.0,0.0,-2239.1600000000003,-3144.1600000000008,0.0,-2572.2099999999996,0.0,0.0,0.0,-21.91,0.0,0.0,0.0,0.0,-31.83,-13.07,-2784.479999999999,0.0,0.0,0.0,-3080.0,-2658.1699999999996,0.0,0.0,0.0,0.0,-1363.88,0.0,0.0,-640.0,-3030.8999999999983,0.0,0.0,0.0,0.0,-20.19,-20747.0,0.0,0.0,0.0,0.0,0.0,-4.43,-2709.3700000000003,-2697.82,0.0,-3353.47,0.0,0.0,0.0,0.0,0.0,-3940.0,0.0,0.0,0.0,-2348.559999999999,0.0,0.0,64925.0,0.0,0.0,0.0,0.0,-2076.19,-2329.2200000000007,-1397.6300000000006,0.0,0.0,-1892.5000000000007,-1082.5899999999997,-1154.24,-1044.2800000000004,0.0,0.0,-3600.769999999999,-2820.8500000000017,0.0,-16.63,-1241.6600000000003,-1544.3999999999999,-1896.1299999999999,0.0,-500.0,0.0,-2202.6700000000005,-3039.1699999999987,0.0,-1329.18,-1060.0,0.0,-24.42,-1492.03,0.0,0.0
56930,0.0,0.0,-57.89,0.0,0.0,-3995.4699999999984,-5119.200000000002,0.0,0.0,-4332.619999999999,0.0,-3720.8499999999995,-4392.96,0.0,-89.02,0.0,0.0,0.0,0.0,-3.2,-39.31,0.0,0.0,0.0,0.0,-3080.0,0.0,0.0,0.0,-6.41,0.0,-1275.7099999999998,0.0,0.0,0.0,0.0,0.0,-3738.1199999999994,-24.1,-17.73,-13.87,-22051.0,0.0,0.0,-29.28,0.0,0.0,-37.93,0.0,-3203.88,-15.5,0.0,-4146.6,0.0,-4429.26,0.0,0.0,0.0,0.0,0.0,0.0,0.0,0.0,-4319.619999999997,10917.0,0.0,0.0,0.0,0.0,-2129.1099999999997,-2149.9500000000007,-1034.8499999999997,0.0,-94.14,-1194.6800000000003,-1345.5600000000002,-1424.8200000000006,-1098.6200000000001,0.0,0.0,0.0,0.0,0.0,-79.23,-1082.88,-765.5900000000001,-2645.8,0.0,-500.0,0.0,-2145.1499999999996,0.0,0.0,-1219.29,-1060.0,0.0,-13.57,-1714.9,0.0,0.0
15248,-2700.0,0.0,-30.86,-2739.090000000001,-2538.5299999999997,0.0,0.0,-2871.09,-2838.419999999999,0.0,-2971.2299999999996,0.0,0.0,0.0,-8.07,-810.7700000000001,0.0,0.0,0.0,-17.45,-7.03,-2200.9800000000005,0.0,0.0,-1824.1399999999999,-3080.0,-2220.2000000000003,0.0,0.0,-25.91,0.0,-574.93,0.0,0.0,0.0,-2817.769999999999,0.0,0.0,-66.52,-8.25,-91.83,-21364.0,-444.9700000000001,0.0,-33.02,0.0,0.0,-35.79,-3455.8500000000017,-2806.8500000000004,-12.85,-3050.05,0.0,0.0,0.0,0.0,0.0,-3940.0,0.0,0.0,0.0,-2085.6000000000013,0.0,0.0,44924.0,0.0,0.0,0.0,0.0,-2596.2600000000007,-3401.130000000001,-1175.4299999999998,0.0,-66.32,-1284.69,-1998.8100000000002,-1095.1299999999999,-1251.2900000000002,0.0,0.0,-2122.0600000000004,-3511.6300000000006,0.0,-20.28,-1398.9599999999996,-1068.0,-2790.0200000000004,-803.6000000000001,-500.0,0.0,-2794.8500000000013,-2125.6999999999994,0.0,-1349.6299999999997,-1060.0,-974.32,-11.74,-1112.6499999999999,0.0,0.0
54144,-2700.0,0.0,-18.59,0.0,0.0,-4135.209999999997,-4217.95,0.0,0.0,-3937.7700000000013,0.0,-4508.919999999997,-4135.989999999999,0.0,-24.82,0.0,0.0,0.0,0.0,-2.45,-30.9,0.0,0.0,0.0,0.0,0.0,0.0,0.0,0.0,-20.83,0.0,-1215.53,0.0,0.0,-640.0,0.0,0.0,-4603.240000000001,-80.38,-2.67,-87.47,-20187.0,0.0,0.0,-4.26,0.0,0.0,-14.62,0.0,-2219.33,-0.61,0.0,-3915.1599999999985,0.0,-3681.87,0.0,0.0,0.0,0.0,0.0,0.0,0.0,0.0,-4441.549999999999,44260.0,0.0,0.0,0.0,0.0,-2634.0300000000007,-2361.129999999999,-1036.78,0.0,-13.78,-1523.2699999999998,-1601.56,-1375.56,-1100.4399999999998,0.0,0.0,0.0,0.0,0.0,-31.52,-1313.13,-1515.9399999999998,-2516.9600000000005,0.0,0.0,0.0,-2977.0099999999998,0.0,0.0,-1376.59,-1060.0,0.0,-15.75,-1445.6,0.0,0.0
35187,-2700.0,-2692.3799999999997,-107.7,0.0,0.0,0.0,0.0,0.0,0.0,0.0,0.0,0.0,0.0,-4676.159999999995,-19.03,0.0,-61.07,-4295.779999999999,0.0,-34.87,-2.47,0.0,-15.26,0.0,0.0,-3080.0,0.0,-3729.3999999999996,-9.0,-31.75,0.0,-1604.5500000000002,0.0,-3750.089999999999,-640.0,0.0,0.0,0.0,-29.15,-20.81,-27.58,-19621.0,0.0,0.0,-9.14,0.0,0.0,-50.92,0.0,-2883.890000000001,-25.41,0.0,0.0,0.0,0.0,-3255.9500000000003,-4109.979999999999,-3940.0,0.0,0.0,0.0,0.0,0.0,0.0,77741.0,0.0,0.0,0.0,0.0,-2532.52,-2058.0,-1075.3400000000001,0.0,-24.3,-1313.2600000000002,-1420.4,-1097.4699999999998,-1040.7199999999998,0.0,-3936.219999999999,0.0,0.0,0.0,-17.66,-1039.4699999999998,-895.7100000000002,-2406.7799999999997,0.0,0.0,-3740.290000000001,-2475.5499999999997,0.0,-3814.1899999999987,-1254.8299999999997,-1060.0,0.0,-0.77,-1128.17,0.0,0.0
15241,0.0,0.0,-32.73,0.0,0.0,-4349.08,-4249.639999999999,0.0,0.0,-3374.189999999999,0.0,-4505.880000000001,-4803.669999999999,0.0,-111.8,0.0,0.0,0.0,0.0,-27.6,-26.3,0.0,0.0,0.0,0.0,0.0,0.0,0.0,0.0,-29.14,0.0,-1621.49,0.0,0.0,0.0,0.0,0.0,-4359.130000000001,-17.73,-2.96,-12.77,-20506.0,0.0,0.0,-0.77,0.0,0.0,-23.24,0.0,-2276.2199999999993,-34.75,0.0,-4119.789999999999,0.0,-4307.180000000001,0.0,0.0,0.0,0.0,0.0,0.0,0.0,0.0,-5278.120000000002,33003.0,0.0,0.0,0.0,0.0,-2101.8800000000006,-2578.21,-1129.7399999999998,0.0,-26.02,-1279.5400000000002,-640.27,-921.3700000000002,-759.64,0.0,0.0,0.0,0.0,0.0,-32.94,-940.8000000000002,-1362.7800000000002,-2647.35,0.0,0.0,0.0,-3393.3500000000017,0.0,0.0,-1498.9499999999996,-1060.0,0.0,-26.09,-1043.2800000000002,0.0,0.0
53897,0.0,0.0,-27.34,0.0,0.0,-3647.119999999998,-3236.150000000001,0.0,0.0,-4174.830000000003,0.0,-3856.3899999999985,-3740.4299999999985,0.0,-33.52,0.0,0.0,0.0,0.0,-31.64,-25.42,0.0,0.0,0.0,0.0,-3080.0,0.0,0.0,0.0,-26.74,0.0,-1078.62,0.0,0.0,-640.0,0.0,0.0,-5195.679999999999,-5.35,-13.02,-29.34,-20147.0,0.0,0.0,-29.71,0.0,0.0,-3.09,0.0,-2826.5499999999997,-35.0,0.0,-3472.3399999999997,0.0,-3644.890000000001,0.0,0.0,-3940.0,0.0,0.0,0.0,0.0,0.0,-3571.1600000000003,55420.0,0.0,0.0,0.0,0.0,-2757.0899999999992,-2504.75,-1267.7400000000002,0.0,-24.56,-1330.1299999999999,-1498.6700000000003,-1690.8200000000004,-1597.2199999999998,0.0,0.0,0.0,0.0,0.0,-7.97,-956.7299999999999,-1344.86,-2674.21,0.0,-500.0,0.0,-2869.230000000001,0.0,0.0,-1316.3700000000001,-1060.0,0.0,-1.57,-1067.49,0.0,0.0
98316,0.0,0.0,-4.53,0.0,0.0,0.0,0.0,0.0,0.0,0.0,0.0,0.0,0.0,0.0,-11.99,-439.5199999999999,-32.18,0.0,-2799.43,-16.1,-29.09,0.0,-25.14,-2746.8799999999987,-1582.2000000000003,-3080.0,0.0,0.0,-19.97,-30.83,-2903.6900000000005,-1328.7099999999998,0.0,0.0,-640.0,0.0,-3343.8100000000004,0.0,-38.43,-12.55,-9.7,-20782.0,-860.5799999999998,-3629.409999999999,-1.49,-3036.21,-3533.36,-12.02,0.0,-1848.8200000000002,-22.65,0.0,0.0,-2114.5299999999997,0.0,0.0,0.0,-3940.0,0.0,0.0,0.0,0.0,-2403.06,0.0,25068.0,0.0,0.0,0.0,0.0,-3047.869999999999,-3179.230000000001,-1029.5500000000002,0.0,-34.58,-1273.0700000000002,-853.6200000000001,-1145.6699999999996,-1141.8000000000004,-2598.1900000000005,0.0,0.0,0.0,-2861.1000000000004,-0.06,-1123.27,-1202.73,-2495.66,-397.08000000000004,0.0,0.0,-2306.6,0.0,0.0,-1580.1499999999999,-1060.0,-420.21999999999997,-29.5,-1449.8399999999997,-2796.119999999998,0.0
51974,0.0,0.0,-26.95,0.0,0.0,0.0,0.0,0.0,0.0,0.0,0.0,0.0,0.0,0.0,-67.44,0.0,0.0,0.0,0.0,-10.41,-101.21,0.0,0.0,0.0,0.0,-3080.0,0.0,0.0,0.0,-62.2,0.0,-5335.229999999998,-4357.31,0.0,0.0,0.0,0.0,0.0,-8.5,-5.53,-39.85,-20486.0,0.0,0.0,-8.23,0.0,0.0,-39.83,0.0,-3074.2599999999993,-26.12,0.0,0.0,0.0,0.0,0.0,0.0,0.0,0.0,-4324.689999999998,-3534.42,0.0,0.0,0.0,35140.0,-4210.109999999998,-4797.69,-3741.92,-3138.0400000000013,-2121.0800000000004,-2768.1399999999994,-1572.1899999999996,-3754.970000000001,-34.31,-1328.6700000000005,-1542.1100000000001,-998.9099999999999,-1303.2999999999997,0.0,0.0,0.0,0.0,0.0,-54.51,-1063.73,-1275.7,-2676.579999999999,0.0,0.0,0.0,-2458.5299999999997,0.0,0.0,-1266.2499999999995,0.0,0.0,-110.21,-1328.1200000000001,0.0,-3868.02
52374,0.0,0.0,-27.92,0.0,0.0,0.0,0.0,0.0,0.0,0.0,0.0,0.0,0.0,0.0,-118.95,-667.88,-18.3,0.0,-2934.9899999999993,-10.46,-37.08,0.0,-5.52,-2536.91,-1449.85,0.0,0.0,0.0,-29.79,-7.96,-2673.71,-1580.11,0.0,0.0,0.0,0.0,-2302.2500000000005,0.0,-7.23,-1.59,-34.82,-21474.0,-631.7299999999999,-2627.710000000001,-17.45,-2284.2000000000007,-2647.0200000000004,-79.76,0.0,-2386.9700000000007,-18.25,0.0,0.0,-3485.3000000000006,0.0,0.0,0.0,0.0,0.0,0.0,0.0,0.0,-2936.1600000000008,0.0,63700.0,0.0,0.0,0.0,0.0,-2620.5699999999997,-2866.25,-1216.3299999999997,0.0,-26.81,-925.4700000000001,-1174.1299999999994,-1168.88,-1583.3599999999997,-2735.8299999999986,0.0,0.0,0.0,-2868.659999999999,-10.74,-1540.07,-1031.0200000000002,-2786.9799999999987,-688.79,-500.0,0.0,-2437.0499999999997,0.0,0.0,-1149.28,-1060.0,-572.85,-11.74,-1610.4800000000002,-3154.4900000000007,0.0
57199,-2700.0,0.0,-45.58,-2346.2899999999995,-3328.0899999999992,0.0,0.0,-3237.49,-2320.6100000000006,0.0,-3374.5000000000014,0.0,0.0,0.0,-108.57,0.0,0.0,0.0,0.0,-5.38,-15.34,-2702.4100000000008,0.0,0.0,0.0,-3080.0,-3175.5400000000004,0.0,0.0,-30.75,0.0,-1319.33,0.0,0.0,-640.0,-2693.7799999999993,0.0,0.0,-58.74,-25.41,-36.31,-21075.0,0.0,0.0,-24.49,0.0,0.0,-25.49,-2846.85,-2328.4900000000002,-34.11,-2729.879999999999,0.0,0.0,0.0,0.0,0.0,0.0,-99.79999999999998,0.0,0.0,-2815.02,0.0,0.0,43256.0,0.0,0.0,0.0,0.0,-2613.1700000000014,-2840.349999999999,-1417.9700000000005,0.0,-30.63,-1369.9300000000003,-1525.6099999999994,-1802.63,-1451.76,0.0,0.0,-2728.319999999999,-3536.2700000000004,0.0,-16.85,-1750.1100000000004,-1335.21,-2164.94,0.0,-500.0,0.0,-2816.7100000000005,-2769.680000000001,0.0,-1230.66,-1060.0,0.0,-30.5,-1437.15,0.0,0.0
37551,-2700.0,-3676.01,0.0,0.0,0.0,0.0,0.0,0.0,0.0,0.0,0.0,0.0,0.0,-3657.0400000000004,0.0,0.0,-31.2,-3668.4000000000005,0.0,0.0,-25.69,0.0,-32.05,0.0,0.0,0.0,0.0,-4339.010000000004,-21.82,0.0,0.0,-1140.7500000000002,0.0,-3383.469999999999,0.0,0.0,0.0,0.0,0.0,0.0,0.0,-20695.0,0.0,0.0,0.0,0.0,0.0,-38.19,0.0,-2375.55,0.0,0.0,0.0,0.0,0.0,-3527.17,-2921.81,-3940.0,-99.79999999999998,0.0,0.0,0.0,0.0,0.0,14316.0,0.0,0.0,0.0,0.0,-2461.8599999999997,-2252.88,-1610.4699999999998,0.0,0.0,-1168.3300000000002,-1264.08,-876.1400000000002,-1541.6699999999994,0.0,-4005.02,0.0,0.0,0.0,-20.89,-1457.5799999999997,-1586.3799999999997,-2380.560000000001,0.0,0.0,-3950.88,-2100.5800000000004,0.0,-3285.390000000001,-1034.7900000000002,0.0,0.0,-29.01,-1095.9199999999998,0.0,0.0
50068,0.0,-3824.809999999998,-8.37,0.0,0.0,0.0,0.0,0.0,0.0,0.0,0.0,0.0,0.0,-3753.439999999999,-25.81,0.0,-27.28,-3946.3500000000017,0.0,-7.13,-33.6,0.0,-11.52,0.0,0.0,0.0,0.0,-4279.08,-16.54,-11.23,0.0,-1412.16,0.0,-4168.530000000001,0.0,0.0,0.0,0.0,-14.68,-20.32,-43.0,-21100.0,0.0,0.0,-23.8,0.0,0.0,-6.29,0.0,-1557.35,-28.51,0.0,0.0,0.0,0.0,-4044.97,-4073.419999999999,0.0,-99.79999999999998,0.0,0.0,0.0,0.0,0.0,56160.0,0.0,0.0,0.0,0.0,-2484.380000000001,-2235.069999999999,-1600.26,0.0,-7.77,-1286.2500000000005,-1241.78,-1236.08,-1297.7099999999998,0.0,-3674.2299999999996,0.0,0.0,0.0,-19.47,-1059.5,-1080.22,-2937.579999999999,0.0,0.0,-3616.52,-3069.4900000000007,0.0,-4027.89,-1063.13,0.0,0.0,-19.25,-1379.6199999999997,0.0,0.0
44986,-2700.0,-3061.02,-23.45,0.0,0.0,0.0,0.0,0.0,0.0,0.0,0.0,0.0,0.0,-3658.4800000000005,-26.45,-696.03,-21.75,-3053.2900000000004,0.0,-38.24,-10.68,0.0,-23.41,0.0,-756.45,-3080.0,0.0,-3644.709999999997,-81.38,-9.61,0.0,-1667.6700000000005,0.0,-3318.120000000001,-640.0,0.0,0.0,0.0,-36.39,-31.47,-20.23,-21834.0,-508.90000000000003,0.0,-59.25,0.0,0.0,-24.77,0.0,-3188.359999999999,-38.62,0.0,0.0,0.0,0.0,-3332.2100000000005,-3164.28,-3940.0,0.0,0.0,0.0,0.0,0.0,0.0,74016.0,0.0,0.0,0.0,0.0,-2506.880000000001,-1937.7199999999998,-1144.7999999999995,0.0,-28.42,-1162.57,-1236.9100000000003,-1272.04,-909.2099999999999,0.0,-3201.769999999999,0.0,0.0,0.0,-9.31,-1012.6800000000002,-1551.9999999999998,-2601.03,-385.65,0.0,-4159.749999999999,-2898.2599999999998,0.0,-3646.01,-1673.4399999999994,-1060.0,-765.87,-34.68,-1507.79,0.0,0.0
77168,-2700.0,0.0,-25.83,-3056.2399999999993,-2966.46,0.0,0.0,-1895.15,-2974.82,0.0,-2939.4799999999996,0.0,0.0,0.0,-30.0,0.0,0.0,0.0,0.0,-39.02,-30.46,-3113.749999999998,0.0,0.0,0.0,-3080.0,-2628.2500000000005,0.0,0.0,-32.51,0.0,-1850.77,0.0,0.0,-640.0,-2376.16,0.0,0.0,-1.65,-33.99,-18.82,-21119.0,0.0,0.0,-4.71,0.0,0.0,-29.76,-3325.6399999999994,-2429.7,-102.32,-2616.819999999999,0.0,0.0,0.0,0.0,0.0,-3940.0,-99.79999999999998,0.0,0.0,-2505.2299999999996,0.0,0.0,63108.0,0.0,0.0,0.0,0.0,-3565.17,-3571.7499999999995,-1327.4599999999996,0.0,-30.2,-1294.79,-1519.7100000000003,-1511.9199999999998,-1136.9899999999998,0.0,0.0,-2018.5900000000001,-2698.790000000001,0.0,-12.97,-1177.74,-1158.08,-2268.0399999999995,0.0,-500.0,0.0,-2839.0600000000013,-2861.929999999999,0.0,-1138.5499999999997,-1060.0,0.0,-43.05,-1391.2000000000003,0.0,0.0
42061,-2700.0,-4119.070000000001,-21.91,0.0,0.0,0.0,0.0,0.0,0.0,0.0,0.0,0.0,0.0,-4061.4500000000003,-29.49,0.0,-48.21,-3654.9200000000005,0.0,-20.17,-13.6,0.0,-37.71,0.0,0.0,0.0,0.0,-3925.5800000000004,-48.06,-16.92,0.0,-1501.72,0.0,-4049.670000000001,0.0,0.0,0.0,0.0,-10.23,-19.58,-29.56,-21077.0,0.0,0.0,-38.15,0.0,0.0,-10.67,0.0,-2842.3100000000013,-30.5,0.0,0.0,0.0,0.0,-3835.7700000000004,-4181.329999999999,-3940.0,-99.79999999999998,0.0,0.0,0.0,0.0,0.0,74358.0,0.0,0.0,0.0,0.0,-2805.620000000001,-2696.36,-957.2799999999997,0.0,-12.92,-1440.3700000000001,-1207.6599999999999,-1124.5999999999997,-1560.2599999999998,0.0,-4263.949999999999,0.0,0.0,0.0,-37.83,-868.2199999999998,-1375.1899999999998,-2834.25,0.0,-500.0,-3154.749999999998,-2333.1099999999997,0.0,-3570.9900000000002,-937.44,-1060.0,0.0,-16.64,-1162.3600000000001,0.0,0.0
16910,0.0,-2535.1599999999994,-38.62,0.0,0.0,0.0,0.0,0.0,0.0,0.0,0.0,0.0,0.0,-3613.1,-22.36,0.0,-19.26,-4596.279999999998,0.0,-27.39,-21.38,0.0,-29.84,0.0,0.0,-3080.0,0.0,-3983.3900000000017,-8.09,-39.81,0.0,-1166.89,0.0,-3360.11,0.0,0.0,0.0,0.0,-16.57,-36.6,-30.99,-20566.0,0.0,0.0,-18.01,0.0,0.0,-15.65,0.0,-2903.9799999999996,-20.57,0.0,0.0,0.0,0.0,-3792.829999999999,-4557.3099999999995,0.0,0.0,0.0,0.0,0.0,0.0,0.0,84380.0,0.0,0.0,0.0,0.0,-1995.6200000000001,-2541.3400000000006,-1148.32,0.0,-31.99,-1355.9299999999998,-1501.1300000000003,-841.6000000000001,-1201.8999999999999,0.0,-4036.3400000000006,0.0,0.0,0.0,-29.86,-768.26,-1141.6499999999999,-2131.7800000000007,0.0,0.0,-3950.9399999999996,-2560.7099999999987,0.0,-3027.8500000000017,-1116.7799999999997,0.0,0.0,-28.16,-954.8099999999998,0.0,0.0
43634,-2700.0,0.0,-9.71,0.0,0.0,0.0,0.0,0.0,0.0,0.0,0.0,0.0,0.0,0.0,-5.35,0.0,-11.48,0.0,-3289.049999999999,-15.02,-37.63,0.0,-14.85,-2506.7000000000003,0.0,-3080.0,0.0,0.0,-59.76,-17.11,-2739.51,-1776.9399999999996,0.0,0.0,-640.0,0.0,-2400.130000000001,0.0,-24.92,-25.62,-38.69,-22269.0,0.0,-3098.8500000000004,-17.2,-3308.77,-4012.4000000000005,-115.15,0.0,-2576.4799999999996,-26.85,0.0,0.0,-2391.13,0.0,0.0,0.0,0.0,-99.79999999999998,0.0,0.0,0.0,-2611.39,0.0,13125.0,0.0,0.0,0.0,0.0,-2625.45,-2422.5299999999997,-1109.6100000000001,0.0,-37.37,-1641.3400000000004,-974.4299999999997,-1505.4199999999998,-987.98,-3402.39,0.0,0.0,0.0,-2682.310000000001,-26.6,-994.1499999999999,-1442.7399999999998,-2018.2700000000004,0.0,0.0,0.0,-3139.7900000000004,0.0,0.0,-1370.64,-1060.0,0.0,-38.47,-1385.3300000000002,-3690.8799999999997,0.0
94976,-2700.0,-3211.7100000000014,-6.12,0.0,0.0,0.0,0.0,0.0,0.0,0.0,0.0,0.0,0.0,-4020.8999999999974,-20.71,0.0,-1.6,-4270.640000000001,0.0,-25.8,-1.29,0.0,-19.12,0.0,0.0,-3080.0,0.0,-2963.409999999999,-84.31,-19.03,0.0,-1374.8300000000002,0.0,-3424.609999999999,-640.0,0.0,0.0,0.0,-39.59,-30.15,-21.38,-21386.0,0.0,0.0,-32.36,0.0,0.0,-25.44,0.0,-2132.96,-110.67,0.0,0.0,0.0,0.0,-3690.230000000001,-3898.74,-3940.0,-99.79999999999998,0.0,0.0,0.0,0.0,0.0,28626.0,0.0,0.0,0.0,0.0,-2260.8699999999994,-2807.4700000000003,-701.84,0.0,-0.97,-1020.5999999999999,-1416.3599999999992,-1493.4999999999998,-1212.0,0.0,-3404.7899999999995,0.0,0.0,0.0,-27.03,-1375.14,-1206.75,-2390.2499999999995,0.0,-500.0,-4376.680000000001,-1852.08,0.0,-3985.38,-1136.9899999999998,-1060.0,0.0,-0.45,-1463.58,0.0,0.0
43305,0.0,-3590.6299999999987,-102.96,0.0,0.0,0.0,0.0,0.0,0.0,0.0,0.0,0.0,0.0,-3365.069999999999,-37.59,0.0,-15.17,-3567.8200000000006,0.0,-8.38,-98.35,0.0,-13.76,0.0,0.0,-3080.0,0.0,-4793.049999999999,-115.12,-35.66,0.0,-1489.2800000000002,0.0,-4356.47,0.0,0.0,0.0,0.0,-3.12,-32.07,-65.78,-20973.0,0.0,0.0,-37.74,0.0,0.0,-0.07,0.0,-2382.2999999999993,-14.7,0.0,0.0,0.0,0.0,-2785.749999999998,-3677.0800000000004,-3940.0,0.0,0.0,0.0,0.0,0.0,0.0,18852.0,0.0,0.0,0.0,0.0,-2157.0399999999995,-2436.5000000000005,-1042.4699999999998,0.0,-81.57,-1459.3500000000001,-1495.1300000000003,-1316.9900000000005,-1016.8700000000001,0.0,-3531.47,0.0,0.0,0.0,-2.96,-1010.4800000000001,-1295.6999999999998,-2665.3799999999997,0.0,-500.0,-3939.0400000000013,-2367.4900000000007,0.0,-3546.0599999999995,-1441.1399999999992,0.0,0.0,-25.52,-1295.47,0.0,0.0
3056,0.0,0.0,-3.35,-3425.190000000001,-2698.0900000000006,0.0,0.0,-2549.17,-2222.8099999999995,0.0,-2925.31,0.0,0.0,0.0,-34.34,0.0,0.0,0.0,0.0,-36.07,-7.42,-2307.209999999999,0.0,0.0,0.0,0.0,-2293.1,0.0,0.0,-26.88,0.0,-1017.1200000000001,0.0,0.0,0.0,-3294.7999999999993,0.0,0.0,-20.95,-29.14,-28.46,-21291.0,0.0,0.0,-6.94,0.0,0.0,-3.11,-2569.45,-2490.5900000000006,-32.93,-3070.2499999999995,0.0,0.0,0.0,0.0,0.0,0.0,0.0,0.0,0.0,-2445.4100000000003,0.0,0.0,20070.0,0.0,0.0,0.0,0.0,-2204.2899999999995,-2162.159999999999,-1446.1899999999998,0.0,-35.14,-1518.0300000000007,-1113.2100000000003,-837.37,-1106.2399999999998,0.0,0.0,-2839.169999999999,-2773.7399999999993,0.0,-30.22,-1016.5399999999998,-689.91,-2567.34,0.0,0.0,0.0,-2281.7,-2643.78,0.0,-1112.9099999999999,-1060.0,0.0,-39.64,-2024.1200000000003,0.0,0.0
93777,-2700.0,0.0,-12.9,-3760.770000000001,-2498.2699999999995,0.0,0.0,-2385.6300000000006,-3788.0400000000004,0.0,-2982.8400000000015,0.0,0.0,0.0,-8.19,0.0,0.0,0.0,0.0,-0.98,-32.21,-3012.5400000000004,0.0,0.0,0.0,0.0,-2776.5699999999993,0.0,0.0,-0.32,0.0,-1360.69,0.0,0.0,0.0,-2794.3500000000013,0.0,0.0,-41.08,-31.52,-22.0,-21966.0,0.0,0.0,-3.39,0.0,0.0,-28.66,-3020.8000000000006,-1998.21,-14.55,-2684.000000000001,0.0,0.0,0.0,0.0,0.0,-3940.0,-99.79999999999998,0.0,0.0,-2560.41,0.0,0.0,58680.0,0.0,0.0,0.0,0.0,-2504.3900000000003,-3024.7999999999997,-882.9300000000001,0.0,-80.32,-1304.8000000000004,-855.78,-1038.2600000000002,-1367.72,0.0,0.0,-2418.9500000000007,-2809.590000000001,0.0,-37.25,-1267.87,-834.05,-2291.1699999999996,0.0,0.0,0.0,-2290.06,-3032.0500000000006,0.0,-1238.11,0.0,0.0,-56.27,-821.3199999999999,0.0,0.0
61519,0.0,-2708.489999999999,-107.2,0.0,0.0,0.0,0.0,0.0,0.0,0.0,0.0,0.0,0.0,-3969.990000000001,-0.61,-573.72,-88.26,-3038.709999999999,0.0,-15.45,-22.5,0.0,-4.09,0.0,-1729.5999999999997,0.0,0.0,-3096.35,-56.43,-9.33,0.0,-1361.98,0.0,-4052.64,-640.0,0.0,0.0,0.0,-20.21,-19.18,-10.4,-22084.0,-616.3,0.0,-35.42,0.0,0.0,-31.25,0.0,-2965.3799999999997,-12.41,0.0,0.0,0.0,0.0,-3131.1800000000003,-4585.400000000002,0.0,0.0,0.0,0.0,0.0,0.0,0.0,51606.0,0.0,0.0,0.0,0.0,-2740.04,-2560.5000000000014,-994.8299999999998,0.0,-25.66,-988.6500000000001,-1273.6,-1333.3799999999994,-1539.2599999999995,0.0,-2786.1899999999996,0.0,0.0,0.0,-69.48,-921.8000000000001,-1263.11,-2487.950000000001,-547.1599999999999,0.0,-2820.4299999999985,-1838.2400000000002,0.0,-3764.98,-769.3199999999999,-1060.0,-594.44,-114.71,-1244.5500000000002,0.0,0.0
7338,0.0,0.0,-12.04,0.0,0.0,0.0,0.0,0.0,0.0,0.0,0.0,0.0,0.0,0.0,-17.55,0.0,0.0,0.0,0.0,-0.5,-102.21,0.0,0.0,0.0,0.0,-3080.0,0.0,0.0,0.0,-20.95,0.0,-4856.54,-3658.479999999998,0.0,0.0,0.0,0.0,0.0,-110.99,-28.5,-8.69,-21655.0,0.0,0.0,-40.65,0.0,0.0,-16.99,0.0,-2376.9700000000003,-9.74,0.0,0.0,0.0,0.0,0.0,0.0,0.0,0.0,-3240.8499999999985,-4595.44,0.0,0.0,0.0,9594.0,-3629.5500000000006,-4062.4300000000003,-3393.089999999999,-3684.450000000001,-2424.4199999999996,-2173.0000000000005,-1143.5000000000002,-4155.529999999999,-0.65,-1308.16,-1431.2399999999993,-1512.4499999999998,-1084.15,0.0,0.0,0.0,0.0,0.0,-7.88,-1110.29,-1349.63,-2324.0699999999993,0.0,-500.0,0.0,-2605.4100000000008,0.0,0.0,-1124.1800000000003,0.0,0.0,-7.75,-983.9999999999998,0.0,-3160.9000000000005
7305,-2700.0,0.0,-21.24,0.0,0.0,0.0,0.0,0.0,0.0,0.0,0.0,0.0,0.0,0.0,-30.89,0.0,-25.07,0.0,-3784.719999999998,-89.6,-17.73,0.0,-5.94,-2919.2,0.0,0.0,0.0,0.0,-6.05,-19.16,-2853.87,-1344.59,0.0,0.0,0.0,0.0,-3282.5299999999997,0.0,-10.88,-38.02,-3.04,-20938.0,0.0,-3229.3299999999995,-2.13,-3562.8600000000006,-3755.9599999999996,-16.18,0.0,-2428.6900000000005,-44.26,0.0,0.0,-3534.730000000001,0.0,0.0,0.0,0.0,0.0,0.0,0.0,0.0,-2462.020000000001,0.0,36872.0,0.0,0.0,0.0,0.0,-2548.870000000001,-2186.1300000000006,-1204.5699999999997,0.0,-20.98,-967.8399999999999,-1481.1499999999999,-983.26,-1553.5200000000002,-2841.5200000000013,0.0,0.0,0.0,-2854.8399999999992,-16.45,-1582.6199999999997,-955.62,-3025.2100000000005,0.0,-500.0,0.0,-2316.0300000000007,0.0,0.0,-1382.0,0.0,0.0,-108.6,-891.6199999999999,-2717.5200000000013,0.0
32320,-2700.0,0.0,0.0,0.0,0.0,0.0,0.0,0.0,0.0,0.0,0.0,0.0,0.0,0.0,0.0,0.0,-36.52,0.0,-2694.090000000001,0.0,0.0,0.0,-2.76,-3839.68,0.0,-3080.0,0.0,0.0,-9.78,-5.8,-2236.9900000000002,-1551.67,0.0,0.0,-640.0,0.0,-2969.0699999999997,0.0,-3.61,-28.58,0.0,-19855.0,0.0,-2917.86,-2.12,-2927.6899999999996,-3542.4000000000005,0.0,0.0,-2447.210000000001,-7.26,0.0,0.0,-3272.1100000000006,0.0,0.0,0.0,-3940.0,-99.79999999999998,0.0,0.0,0.0,-4055.1099999999997,0.0,70920.0,0.0,0.0,0.0,0.0,-2624.7700000000004,-1831.9300000000003,-1063.61,0.0,-62.12,-1492.7699999999998,-1076.0300000000004,-1340.7399999999998,-961.8499999999999,-3827.6,0.0,0.0,0.0,-2993.979999999999,0.0,-923.79,-1115.3700000000001,-2539.099999999999,0.0,0.0,0.0,-2105.1800000000003,0.0,0.0,-1800.63,-1060.0,0.0,0.0,-786.55,-3181.5199999999995,0.0
88199,-2700.0,0.0,-75.01,0.0,0.0,0.0,0.0,0.0,0.0,0.0,0.0,0.0,0.0,0.0,-22.12,0.0,0.0,0.0,0.0,-18.22,-31.14,0.0,0.0,0.0,0.0,0.0,0.0,0.0,0.0,-30.01,0.0,-5088.130000000001,-3938.36,0.0,-640.0,0.0,0.0,0.0,-5.89,-6.39,-10.44,-22639.0,0.0,0.0,-9.01,0.0,0.0,-36.71,0.0,-2448.8799999999997,-6.65,0.0,0.0,0.0,0.0,0.0,0.0,-3940.0,-99.79999999999998,-4274.279999999999,-2827.5099999999993,0.0,0.0,0.0,53300.0,-3421.96,-3823.720000000001,-3348.979999999999,-3266.3499999999995,-2734.9500000000003,-2414.1299999999997,-1220.3799999999999,-4106.830000000001,-10.74,-1247.6100000000001,-982.7900000000001,-1468.71,-1105.36,0.0,0.0,0.0,0.0,0.0,-32.76,-1359.6600000000003,-1250.0900000000001,-3303.8700000000003,0.0,0.0,0.0,-3429.8999999999983,0.0,0.0,-1274.32,-1060.0,0.0,-15.2,-1758.27,0.0,-3879.8999999999996
94501,-2700.0,0.0,-28.27,0.0,0.0,0.0,0.0,0.0,0.0,0.0,0.0,0.0,0.0,0.0,-5.3,0.0,-12.95,0.0,-2786.8900000000003,-34.97,-32.03,0.0,-39.87,-2862.3800000000006,0.0,-3080.0,0.0,0.0,-72.43,-40.18,-3563.09,-1469.25,0.0,0.0,-640.0,0.0,-3592.909999999999,0.0,-22.64,-10.18,-9.85,-22192.0,0.0,-3149.3100000000004,-118.42,-2652.61,-3006.160000000002,-32.16,0.0,-3207.2600000000007,-35.79,0.0,0.0,-2551.2200000000003,0.0,0.0,0.0,-3940.0,0.0,0.0,0.0,0.0,-3462.4599999999987,0.0,42920.0,0.0,0.0,0.0,0.0,-2645.98,-2711.8499999999995,-1067.11,0.0,-16.21,-961.4700000000001,-966.71,-1496.33,-887.5099999999999,-3930.5000000000005,0.0,0.0,0.0,-2992.8500000000013,-13.89,-1186.0800000000002,-1451.05,-2590.379999999999,0.0,-500.0,0.0,-2230.0899999999997,0.0,0.0,-887.89,0.0,0.0,-24.8,-1006.35,-2591.5599999999995,0.0
75258,-2700.0,0.0,-5.08,0.0,0.0,-4324.65,-4527.449999999999,0.0,0.0,-3991.4999999999986,0.0,-3912.8299999999986,-3972.78,0.0,-78.73,0.0,0.0,0.0,0.0,-17.53,-17.58,0.0,0.0,0.0,0.0,0.0,0.0,0.0,0.0,-32.61,0.0,-1570.94,0.0,0.0,0.0,0.0,0.0,-4166.07,-89.33,-38.94,-6.76,-21034.0,0.0,0.0,-22.53,0.0,0.0,-23.14,0.0,-2995.55,-6.08,0.0,-4260.8899999999985,0.0,-4655.619999999999,0.0,0.0,0.0,0.0,0.0,0.0,0.0,0.0,-5068.69,39931.0,0.0,0.0,0.0,0.0,-2228.4199999999996,-2281.6,-1275.3300000000002,0.0,-27.14,-1131.5299999999997,-921.77,-1068.94,-1036.43,0.0,0.0,0.0,0.0,0.0,-33.99,-1510.2299999999998,-1734.1899999999998,-2489.14,0.0,-500.0,0.0,-2236.79,0.0,0.0,-1162.16,0.0,0.0,-26.8,-1445.1,0.0,0.0
3028,-2700.0,-4029.2999999999984,-26.67,0.0,0.0,0.0,0.0,0.0,0.0,0.0,0.0,0.0,0.0,-4051.729999999999,-36.15,0.0,-46.98,-3349.0300000000007,0.0,-44.82,-17.18,0.0,-66.46,0.0,0.0,-3080.0,0.0,-3854.000000000001,-58.97,-32.58,0.0,-1311.42,0.0,-3408.770000000001,0.0,0.0,0.0,0.0,-35.54,-21.07,-28.53,-21438.0,0.0,0.0,-36.83,0.0,0.0,-87.08,0.0,-2998.59,-28.47,0.0,0.0,0.0,0.0,-4561.02,-4381.119999999999,-3940.0,-99.79999999999998,0.0,0.0,0.0,0.0,0.0,15939.0,0.0,0.0,0.0,0.0,-3090.010000000001,-2671.9900000000007,-1284.3799999999997,0.0,-32.56,-978.28,-1134.2299999999998,-1116.3999999999996,-1350.1299999999999,0.0,-3951.5799999999995,0.0,0.0,0.0,-11.77,-1817.55,-1010.2700000000001,-3054.209999999999,0.0,0.0,-4765.149999999998,-2357.48,0.0,-3808.120000000001,-1132.5100000000002,-1060.0,0.0,-13.48,-889.9499999999997,0.0,0.0
52889,-2700.0,0.0,-106.58,-2106.5700000000006,-2138.12,0.0,0.0,-2765.099999999999,-2392.4300000000003,0.0,-2289.8,0.0,0.0,0.0,-33.83,-738.4,0.0,0.0,0.0,-11.41,-87.21,-2014.5699999999997,0.0,0.0,-822.3399999999999,-3080.0,-2989.35,0.0,0.0,-6.79,0.0,-1444.6600000000003,0.0,0.0,-640.0,-2561.2399999999993,0.0,0.0,-0.13,-28.96,-11.4,-21016.0,-526.54,0.0,-18.44,0.0,0.0,-37.6,-2666.9700000000003,-2325.3099999999995,-108.49,-2726.3200000000006,0.0,0.0,0.0,0.0,0.0,-3940.0,-99.79999999999998,0.0,0.0,-1949.1599999999992,0.0,0.0,70700.0,0.0,0.0,0.0,0.0,-1972.6299999999994,-2745.8899999999994,-1482.5300000000002,0.0,-15.21,-1432.04,-1445.9099999999999,-1580.3300000000002,-1295.6100000000001,0.0,0.0,-2217.229999999999,-2304.0599999999995,0.0,-4.65,-1991.0299999999997,-1930.9299999999998,-2479.23,-325.46,-500.0,0.0,-2960.860000000001,-2171.6000000000004,0.0,-1807.5499999999997,-1060.0,-819.34,-103.8,-1037.8999999999999,0.0,0.0
85770,-2700.0,0.0,0.0,0.0,0.0,-4750.64,-4743.909999999997,0.0,0.0,-4336.029999999999,0.0,-3911.5899999999983,-4073.509999999999,0.0,0.0,0.0,0.0,0.0,0.0,0.0,0.0,0.0,0.0,0.0,0.0,-3080.0,0.0,0.0,0.0,0.0,0.0,-1058.9200000000003,0.0,0.0,-640.0,0.0,0.0,-4098.699999999999,0.0,0.0,0.0,-21245.0,0.0,0.0,0.0,0.0,0.0,0.0,0.0,-2337.64,0.0,0.0,-3882.9299999999994,0.0,-4293.950000000001,0.0,0.0,-3940.0,-99.79999999999998,0.0,0.0,0.0,0.0,-4005.13,87220.0,0.0,0.0,0.0,0.0,-1980.93,-2670.540000000001,-1431.5099999999998,0.0,0.0,-1298.8199999999997,-1401.3700000000003,-1014.88,-1116.9600000000003,0.0,0.0,0.0,0.0,0.0,0.0,-1431.5000000000002,-981.5199999999999,-2749.8100000000004,0.0,-500.0,0.0,-1951.0399999999997,0.0,0.0,-1037.61,-1060.0,0.0,0.0,-1321.7,0.0,0.0
5349,-2700.0,0.0,-37.29,-2069.4499999999994,-2594.4099999999985,0.0,0.0,-2459.819999999999,-2924.0800000000004,0.0,-2806.1299999999997,0.0,0.0,0.0,-98.02,0.0,0.0,0.0,0.0,-27.16,-46.42,-2750.76,0.0,0.0,0.0,0.0,-3157.83,0.0,0.0,-29.12,0.0,-1169.8500000000001,0.0,0.0,-640.0,-2302.4099999999994,0.0,0.0,-29.15,-7.01,-20.65,-19784.0,0.0,0.0,-22.37,0.0,0.0,-17.38,-2415.8300000000004,-1927.980000000001,-18.74,-2280.35,0.0,0.0,0.0,0.0,0.0,-3940.0,0.0,0.0,0.0,-3214.0899999999992,0.0,0.0,48816.0,0.0,0.0,0.0,0.0,-1833.1300000000003,-2378.33,-1056.86,0.0,-32.7,-962.28,-1422.71,-1201.7000000000003,-1171.59,0.0,0.0,-3282.070000000001,-2931.51,0.0,-35.04,-1449.4099999999999,-1074.8700000000001,-2318.1099999999997,0.0,-500.0,0.0,-2179.97,-2374.55,0.0,-1330.7700000000002,-1060.0,0.0,-16.83,-1754.7100000000003,0.0,0.0
4567,-2700.0,-4599.969999999999,0.0,0.0,0.0,0.0,0.0,0.0,0.0,0.0,0.0,0.0,0.0,-3531.0999999999995,0.0,0.0,-13.96,-4182.3,0.0,0.0,-8.19,0.0,-110.79,0.0,0.0,-3080.0,0.0,-4223.52,-38.5,0.0,0.0,-1162.66,0.0,-4101.119999999999,-640.0,0.0,0.0,0.0,0.0,0.0,0.0,-21373.0,0.0,0.0,0.0,0.0,0.0,-98.33,0.0,-2599.200000000001,0.0,0.0,0.0,0.0,0.0,-4126.609999999999,-5003.619999999999,-3940.0,-99.79999999999998,0.0,0.0,0.0,0.0,0.0,91620.0,0.0,0.0,0.0,0.0,-2661.8600000000006,-2733.8799999999997,-1212.9699999999996,0.0,0.0,-910.83,-837.5499999999998,-1018.2800000000001,-1490.5200000000002,0.0,-3567.8199999999993,0.0,0.0,0.0,-24.17,-1043.58,-1449.5299999999997,-2450.2400000000002,0.0,-500.0,-3651.520000000001,-2446.4199999999996,0.0,-4188.5599999999995,-1017.6899999999999,-1060.0,0.0,-36.18,-1488.27,0.0,0.0
55836,0.0,0.0,-3.05,0.0,0.0,-3232.3800000000015,-3632.569999999999,0.0,0.0,-4081.6400000000003,0.0,-3501.1199999999985,-3425.030000000001,0.0,-13.86,-501.35999999999996,0.0,0.0,0.0,-8.71,0.0,0.0,0.0,0.0,-1400.55,0.0,0.0,0.0,0.0,-46.59,0.0,-1436.5600000000002,0.0,0.0,-640.0,0.0,0.0,-2045.8999999999996,-37.02,-9.98,-9.47,-21550.0,-729.7200000000001,0.0,-46.25,0.0,0.0,0.0,0.0,-2572.35,-33.31,0.0,-4078.780000000001,0.0,-3765.3000000000015,0.0,0.0,0.0,0.0,0.0,0.0,0.0,0.0,-3725.9400000000014,85747.0,0.0,0.0,0.0,0.0,-2406.39,-2227.0000000000005,-1198.0999999999995,0.0,-29.8,-1296.21,-1388.5500000000002,-1695.2299999999998,-886.1799999999998,0.0,0.0,0.0,0.0,0.0,0.0,-1513.2099999999996,-1458.25,-2537.19,-550.8000000000001,-500.0,0.0,-2022.1400000000006,0.0,0.0,-1117.77,0.0,-754.39,0.0,-1343.3399999999997,0.0,0.0
39379,-2700.0,0.0,-8.38,0.0,0.0,0.0,0.0,0.0,0.0,0.0,0.0,0.0,0.0,0.0,-33.17,0.0,0.0,0.0,0.0,-1.04,-23.21,0.0,0.0,0.0,0.0,-3080.0,0.0,0.0,0.0,-28.19,0.0,-4708.850000000001,-3990.0499999999997,0.0,-640.0,0.0,0.0,0.0,-28.74,-37.08,-0.03,-21362.0,0.0,0.0,-25.38,0.0,0.0,-15.83,0.0,-2663.9399999999996,-35.28,0.0,0.0,0.0,0.0,0.0,0.0,-3940.0,0.0,-4077.709999999998,-4135.78,0.0,0.0,0.0,63380.0,-3633.550000000001,-3729.9399999999996,-3260.4900000000007,-3410.14,-2742.4,-1564.6699999999998,-1370.6700000000003,-4837.200000000002,-33.63,-1576.75,-1017.5699999999998,-860.0400000000002,-1202.3299999999997,0.0,0.0,0.0,0.0,0.0,-10.67,-1576.9399999999998,-1537.5599999999997,-1994.3299999999997,0.0,-500.0,0.0,-2656.8,0.0,0.0,-1252.7800000000004,-1060.0,0.0,-49.03,-1606.7700000000002,0.0,-3935.7899999999995
31277,-2700.0,-3543.2300000000005,-21.05,0.0,0.0,0.0,0.0,0.0,0.0,0.0,0.0,0.0,0.0,-4029.8199999999993,-71.88,-906.2300000000001,-24.81,-3438.410000000001,0.0,-16.65,-33.87,0.0,-21.22,0.0,-1429.8500000000001,0.0,0.0,-3988.9099999999994,-14.2,-39.4,0.0,-1267.5900000000001,0.0,-3284.2299999999996,0.0,0.0,0.0,0.0,-28.03,-12.84,-4.11,-21350.0,-536.3299999999999,0.0,-28.12,0.0,0.0,-7.97,0.0,-2352.8499999999995,-22.52,0.0,0.0,0.0,0.0,-3857.660000000001,-4548.929999999998,-3940.0,0.0,0.0,0.0,0.0,0.0,0.0,49062.0,0.0,0.0,0.0,0.0,-2363.2599999999993,-2921.8599999999997,-1298.3999999999999,0.0,-33.2,-1090.15,-1430.8500000000004,-1125.76,-1258.1,0.0,-3748.300000000001,0.0,0.0,0.0,-29.79,-983.6,-1007.9100000000002,-2504.189999999999,-863.49,-500.0,-3303.360000000001,-2732.2699999999995,0.0,-3799.629999999999,-1244.93,-1060.0,-517.8,-0.14,-965.4199999999998,0.0,0.0
44119,0.0,-4109.2,-21.8,0.0,0.0,0.0,0.0,0.0,0.0,0.0,0.0,0.0,0.0,-4031.8299999999995,-14.91,0.0,-10.72,-3966.000000000001,0.0,-34.96,-2.39,0.0,-15.61,0.0,0.0,-3080.0,0.0,-3254.28,-20.37,-93.81,0.0,-1401.02,0.0,-3743.699999999998,-640.0,0.0,0.0,0.0,-35.49,-37.86,-12.9,-20658.0,0.0,0.0,-39.23,0.0,0.0,-39.8,0.0,-2789.86,-50.76,0.0,0.0,0.0,0.0,-4559.950000000001,-3351.6500000000015,-3940.0,-99.79999999999998,0.0,0.0,0.0,0.0,0.0,62200.0,0.0,0.0,0.0,0.0,-3197.8699999999994,-2680.6,-1417.2600000000004,0.0,-23.51,-1678.19,-1129.0700000000002,-1402.58,-655.0799999999999,0.0,-3859.9800000000005,0.0,0.0,0.0,-16.01,-1238.2099999999998,-1149.1200000000001,-1723.68,0.0,-500.0,-3905.580000000001,-2500.7299999999996,0.0,-3813.709999999998,-1203.7100000000003,-1060.0,0.0,-36.86,-1344.62,0.0,0.0
67812,-2700.0,0.0,-10.48,-2857.309999999999,-2882.3699999999994,0.0,0.0,-2799.149999999999,-2509.9400000000005,0.0,-2614.1900000000005,0.0,0.0,0.0,-7.74,0.0,0.0,0.0,0.0,-22.09,0.0,-2978.2,0.0,0.0,0.0,-3080.0,-2716.180000000001,0.0,0.0,0.0,0.0,-1339.2099999999998,0.0,0.0,0.0,-2342.9,0.0,0.0,0.0,0.0,-37.39,-21524.0,0.0,0.0,0.0,0.0,0.0,0.0,-2835.9400000000005,-2392.269999999999,0.0,-2513.560000000001,0.0,0.0,0.0,0.0,0.0,-3940.0,0.0,0.0,0.0,-2101.620000000001,0.0,0.0,85600.0,0.0,0.0,0.0,0.0,-2305.4399999999996,-2665.9099999999994,-770.62,0.0,0.0,-1441.49,-1008.6800000000001,-1146.8999999999996,-1019.9900000000001,0.0,0.0,-3416.72,-2610.8499999999995,0.0,0.0,-1501.0000000000002,-862.45,-2482.36,0.0,-500.0,0.0,-2725.3499999999985,-2233.4200000000005,0.0,-1680.1699999999998,-1060.0,0.0,0.0,-826.34,0.0,0.0
18908,-2700.0,0.0,0.0,0.0,0.0,0.0,0.0,0.0,0.0,0.0,0.0,0.0,0.0,0.0,0.0,-714.09,0.0,0.0,0.0,0.0,-1.36,0.0,0.0,0.0,-1204.4299999999998,-3080.0,0.0,0.0,0.0,-45.62,0.0,-4479.139999999998,-3480.7799999999984,0.0,-640.0,0.0,0.0,0.0,-0.47,-5.85,0.0,-19734.0,-639.6199999999999,0.0,-42.96,0.0,0.0,-14.14,0.0,-2943.879999999999,-1.15,0.0,0.0,0.0,0.0,0.0,0.0,-3940.0,-99.79999999999998,-3037.2299999999996,-4054.1599999999985,0.0,0.0,0.0,38224.0,-2765.5500000000006,-3572.5700000000006,-2787.3200000000006,-3642.18,-2133.74,-2597.62,-1290.47,-2410.5599999999995,-19.61,-1251.5800000000002,-1466.6899999999996,-2089.8899999999994,-1110.6499999999999,0.0,0.0,0.0,0.0,0.0,-20.38,-1040.7799999999997,-1580.069999999999,-3019.1199999999994,-457.98,0.0,0.0,-2077.3300000000004,0.0,0.0,-1245.5100000000002,-1060.0,-575.15,-33.6,-1067.0400000000002,0.0,-3145.2400000000007
72019,0.0,0.0,-98.08,0.0,0.0,0.0,0.0,0.0,0.0,0.0,0.0,0.0,0.0,0.0,-31.74,-468.67,0.0,0.0,0.0,-18.95,0.0,0.0,0.0,0.0,-1110.35,-3080.0,0.0,0.0,0.0,-17.36,0.0,-4499.570000000001,-3898.43,0.0,0.0,0.0,0.0,0.0,-29.28,-7.41,-15.19,-20660.0,-655.16,0.0,-10.52,0.0,0.0,0.0,0.0,-2842.4100000000008,-0.69,0.0,0.0,0.0,0.0,0.0,0.0,0.0,0.0,-3488.0499999999993,-2976.5199999999995,0.0,0.0,0.0,11660.0,-3720.519999999997,-4088.0200000000004,-3935.77,-3222.590000000001,-2959.2399999999993,-2679.4700000000003,-1290.9499999999998,-3249.6200000000013,-11.14,-1052.1000000000001,-1297.38,-1069.9599999999998,-1304.8200000000004,0.0,0.0,0.0,0.0,0.0,0.0,-933.5699999999999,-1139.6899999999998,-2879.8900000000003,-474.3,0.0,0.0,-3391.8499999999995,0.0,0.0,-1081.4300000000003,0.0,-523.8400000000001,0.0,-1102.1499999999994,0.0,-3032.080000000001
43085,0.0,0.0,-1.7,-2765.5900000000006,-2470.0900000000006,0.0,0.0,-2328.6399999999994,-3080.8399999999992,0.0,-2684.5399999999995,0.0,0.0,0.0,-9.49,0.0,0.0,0.0,0.0,-5.08,-39.69,-2271.0699999999993,0.0,0.0,0.0,-3080.0,-3665.7600000000007,0.0,0.0,-36.71,0.0,-1446.19,0.0,0.0,-640.0,-2949.1800000000017,0.0,0.0,-3.05,-25.73,-38.16,-21017.0,0.0,0.0,-2.8,0.0,0.0,-0.95,-3223.5699999999997,-2892.34,-22.34,-3120.260000000001,0.0,0.0,0.0,0.0,0.0,-3940.0,-99.79999999999998,0.0,0.0,-2855.999999999999,0.0,0.0,29041.0,0.0,0.0,0.0,0.0,-2919.6300000000006,-2506.2,-1751.0700000000002,0.0,-47.7,-980.6899999999999,-1869.9599999999994,-1327.4699999999996,-1082.6599999999999,0.0,0.0,-2754.9500000000016,-2169.8500000000013,0.0,-13.32,-974.5600000000001,-1480.54,-2402.43,0.0,-500.0,0.0,-2608.589999999999,-2619.539999999999,0.0,-1806.97,0.0,0.0,-18.0,-1367.4199999999998,0.0,0.0
22696,0.0,-4203.170000000001,0.0,0.0,0.0,0.0,0.0,0.0,0.0,0.0,0.0,0.0,0.0,-3656.399999999997,0.0,0.0,-10.23,-4407.100000000001,0.0,0.0,-31.43,0.0,-117.19,0.0,0.0,-3080.0,0.0,-4224.49,-100.15,-107.12,0.0,-1150.3199999999995,0.0,-4392.89,0.0,0.0,0.0,0.0,-0.19,-3.36,0.0,-20954.0,0.0,0.0,-6.44,0.0,0.0,-21.71,0.0,-2815.4399999999996,-36.06,0.0,0.0,0.0,0.0,-2440.669999999999,-4311.13,0.0,0.0,0.0,0.0,0.0,0.0,0.0,14262.0,0.0,0.0,0.0,0.0,-2094.0800000000004,-2628.3900000000003,-1570.5299999999995,0.0,-5.43,-1323.7600000000004,-1097.3400000000001,-987.9699999999999,-1148.3200000000002,0.0,-3949.250000000001,0.0,0.0,0.0,-28.34,-1227.8,-1395.1900000000003,-1977.4499999999991,0.0,0.0,-4256.440000000001,-2372.1499999999996,0.0,-3943.1399999999994,-1306.0300000000004,0.0,0.0,-14.56,-952.8399999999999,0.0,0.0
81829,0.0,0.0,-4.84,-2383.1099999999997,-3203.6299999999983,0.0,0.0,-2948.619999999999,-3272.360000000001,0.0,-2559.2599999999998,0.0,0.0,0.0,-55.38,-739.4800000000001,0.0,0.0,0.0,-9.91,-33.25,-2355.01,0.0,0.0,-1575.6899999999998,0.0,-2809.47,0.0,0.0,-67.39,0.0,-879.6399999999999,0.0,0.0,-640.0,-2718.8099999999995,0.0,0.0,-19.94,-5.42,-14.37,-21612.0,-513.35,0.0,-16.99,0.0,0.0,-88.31,-2856.8599999999988,-2916.9500000000003,-14.18,-2661.8399999999992,0.0,0.0,0.0,0.0,0.0,-3940.0,0.0,0.0,0.0,-1946.489999999999,0.0,0.0,47684.0,0.0,0.0,0.0,0.0,-2952.46,-1996.1499999999992,-1390.91,0.0,-36.08,-1357.9499999999996,-1739.5499999999997,-1797.0800000000002,-1204.3999999999996,0.0,0.0,-2960.2599999999993,-2634.1299999999997,0.0,-27.8,-1930.2200000000005,-1788.0500000000002,-2830.8099999999995,-592.4300000000001,0.0,0.0,-2560.8299999999995,-2314.34,0.0,-1363.1699999999996,-1060.0,-761.6700000000001,-92.89,-1054.17,0.0,0.0
40087,-2700.0,0.0,-13.52,0.0,0.0,0.0,0.0,0.0,0.0,0.0,0.0,0.0,0.0,0.0,-34.64,0.0,-11.22,0.0,-3562.0500000000006,-95.05,-10.21,0.0,-28.81,-3772.0500000000006,0.0,-3080.0,0.0,0.0,-18.27,-69.47,-3247.649999999999,-1786.6000000000001,0.0,0.0,-640.0,0.0,-2687.5699999999993,0.0,-22.91,-20.97,-6.92,-22103.0,0.0,-3495.34,-16.48,-3696.430000000002,-3437.4299999999985,-4.99,0.0,-2232.5499999999997,-28.37,0.0,0.0,-2464.730000000001,0.0,0.0,0.0,-3940.0,-99.79999999999998,0.0,0.0,0.0,-2922.9900000000002,0.0,26508.0,0.0,0.0,0.0,0.0,-1813.0300000000009,-3391.9900000000016,-1431.5399999999997,0.0,-29.9,-1787.2000000000003,-1567.8400000000006,-1370.24,-1116.2199999999998,-2967.4499999999994,0.0,0.0,0.0,-3178.1400000000012,-3.38,-938.0599999999998,-1069.5500000000004,-2820.9200000000014,0.0,-500.0,0.0,-2161.5,0.0,0.0,-1671.96,-1060.0,0.0,-24.07,-1467.5,-3000.8400000000006,0.0
66483,-2700.0,0.0,0.0,0.0,0.0,-4210.3899999999985,-3817.7100000000014,0.0,0.0,-4280.440000000001,0.0,-4382.369999999999,-4406.360000000001,0.0,0.0,0.0,0.0,0.0,0.0,0.0,0.0,0.0,0.0,0.0,0.0,-3080.0,0.0,0.0,0.0,0.0,0.0,-1354.7900000000002,0.0,0.0,-640.0,0.0,0.0,-3622.840000000001,0.0,0.0,0.0,-20023.0,0.0,0.0,0.0,0.0,0.0,0.0,0.0,-1531.1700000000005,0.0,0.0,-3491.240000000001,0.0,-3619.690000000001,0.0,0.0,-3940.0,-99.79999999999998,0.0,0.0,0.0,0.0,-3994.2300000000014,46880.0,0.0,0.0,0.0,0.0,-2637.969999999999,-2410.349999999999,-1368.2799999999997,0.0,0.0,-1491.32,-1483.7600000000002,-1043.0700000000002,-1316.9599999999998,0.0,0.0,0.0,0.0,0.0,0.0,-1800.07,-1414.9099999999999,-2344.87,0.0,-500.0,0.0,-2039.6900000000007,0.0,0.0,-1695.1900000000003,-1060.0,0.0,0.0,-591.62,0.0,0.0
99292,-2700.0,0.0,-32.38,0.0,0.0,0.0,0.0,0.0,0.0,0.0,0.0,0.0,0.0,0.0,-115.92,0.0,-16.5,0.0,-2557.0899999999997,-20.66,0.0,0.0,-83.24,-1973.4500000000005,0.0,-3080.0,0.0,0.0,-29.35,0.0,-3447.839999999999,-1153.1299999999997,0.0,0.0,-640.0,0.0,-3078.2099999999996,0.0,0.0,0.0,-19.05,-22044.0,0.0,-2832.1499999999987,0.0,-3986.929999999997,-2670.25,0.0,0.0,-2476.7699999999995,0.0,0.0,0.0,-3290.08,0.0,0.0,0.0,-3940.0,0.0,0.0,0.0,0.0,-3087.100000000001,0.0,50918.0,0.0,0.0,0.0,0.0,-3126.25,-2545.1000000000004,-1083.3899999999999,0.0,0.0,-1126.63,-1465.6200000000003,-1099.06,-1489.6000000000001,-2717.8200000000006,0.0,0.0,0.0,-2593.8500000000013,0.0,-941.38,-1159.5199999999998,-2170.1500000000005,0.0,-500.0,0.0,-2501.7800000000007,0.0,0.0,-1467.27,0.0,0.0,0.0,-1566.3300000000002,-2498.789999999999,0.0
34096,0.0,-3023.5,-63.12,0.0,0.0,0.0,0.0,0.0,0.0,0.0,0.0,0.0,0.0,-3259.4199999999996,-63.57,-500.67999999999995,-7.55,-2853.780000000001,0.0,-25.96,-33.78,0.0,-23.05,0.0,-1403.65,-3080.0,0.0,-3637.119999999999,-99.27,-36.56,0.0,-1324.8700000000001,0.0,-3409.7400000000007,-640.0,0.0,0.0,0.0,-3.78,-3.98,-35.09,-21263.0,-607.1600000000001,0.0,-63.13,0.0,0.0,-16.05,0.0,-2441.9399999999996,-10.29,0.0,0.0,0.0,0.0,-3469.19,-4215.550000000001,0.0,-99.79999999999998,0.0,0.0,0.0,0.0,0.0,52200.0,0.0,0.0,0.0,0.0,-2051.9599999999996,-2654.6800000000003,-1105.58,0.0,-21.49,-1539.4000000000003,-1310.1900000000003,-1205.4400000000003,-1494.92,0.0,-3579.2900000000004,0.0,0.0,0.0,-32.13,-1239.8,-1747.9500000000003,-2749.4900000000007,-656.6699999999998,-500.0,-3562.54,-2366.8200000000006,0.0,-3628.1,-974.26,0.0,-482.4500000000001,-80.62,-1399.3400000000001,0.0,0.0
20458,-2700.0,0.0,-80.06,0.0,0.0,0.0,0.0,0.0,0.0,0.0,0.0,0.0,0.0,0.0,-31.38,-368.84000000000003,0.0,0.0,0.0,-24.24,-33.95,0.0,0.0,0.0,-1408.52,-3080.0,0.0,0.0,0.0,-34.91,0.0,-5588.630000000001,-3767.54,0.0,0.0,0.0,0.0,0.0,-38.48,-33.74,-30.95,-22343.0,-817.4200000000001,0.0,-38.02,0.0,0.0,-11.0,0.0,-2486.45,-61.95,0.0,0.0,0.0,0.0,0.0,0.0,0.0,0.0,-3912.0899999999983,-3623.710000000001,0.0,0.0,0.0,0.0,-3715.389999999999,-3492.299999999999,-2762.9299999999994,-3662.100000000001,-2573.849999999999,-2954.04,-1592.73,-3647.4200000000005,-29.73,-1072.9499999999998,-1963.9199999999996,-1206.4299999999998,-1504.46,0.0,0.0,0.0,0.0,0.0,-115.93,-969.4399999999999,-1498.7399999999996,-2759.5400000000004,-500.97,0.0,0.0,-2349.21,0.0,0.0,-1211.3799999999999,-1060.0,-863.78,-7.74,-1404.0500000000004,0.0,-3664.75
8867,-2700.0,0.0,-51.02,0.0,0.0,0.0,0.0,0.0,0.0,0.0,0.0,0.0,0.0,0.0,-31.89,0.0,0.0,0.0,0.0,-8.88,-0.56,0.0,0.0,0.0,0.0,-3080.0,0.0,0.0,0.0,-51.19,0.0,-5040.929999999997,-3926.8499999999995,0.0,-640.0,0.0,0.0,0.0,-11.22,-0.78,-9.43,-20539.0,0.0,0.0,-18.15,0.0,0.0,-10.18,0.0,-3658.039999999999,-12.83,0.0,0.0,0.0,0.0,0.0,0.0,-3940.0,-99.79999999999998,-3773.8999999999987,-4481.470000000001,0.0,0.0,0.0,77440.0,-3485.039999999999,-5072.969999999998,-4197.1900000000005,-4002.6500000000015,-2737.3200000000015,-2298.0700000000006,-1345.03,-3632.7499999999995,-30.65,-1182.9099999999999,-899.76,-1345.2099999999998,-1535.59,0.0,0.0,0.0,0.0,0.0,-15.76,-1119.7900000000002,-1418.3100000000004,-2321.6199999999994,0.0,-500.0,0.0,-2805.98,0.0,0.0,-1051.47,-1060.0,0.0,-9.78,-1511.93,0.0,-4181.93
44675,0.0,0.0,-12.57,0.0,0.0,0.0,0.0,0.0,0.0,0.0,0.0,0.0,0.0,0.0,-6.98,0.0,0.0,0.0,0.0,-15.76,0.0,0.0,0.0,0.0,0.0,0.0,0.0,0.0,0.0,0.0,0.0,-4768.879999999998,-4051.52,0.0,0.0,0.0,0.0,0.0,0.0,0.0,-101.83,-20301.0,0.0,0.0,0.0,0.0,0.0,0.0,0.0,-2368.590000000001,0.0,0.0,0.0,0.0,0.0,0.0,0.0,0.0,0.0,-3834.0499999999975,-3666.179999999999,0.0,0.0,0.0,30700.0,-3782.7899999999995,-3846.9400000000005,-4428.83,-4438.130000000001,-1957.010000000001,-2998.2599999999993,-1031.94,-4792.479999999999,0.0,-1373.5299999999997,-1348.2200000000003,-1189.4500000000003,-1162.21,0.0,0.0,0.0,0.0,0.0,0.0,-1125.28,-1206.6400000000003,-3266.8999999999983,0.0,0.0,0.0,-2409.5499999999993,0.0,0.0,-947.05,-1060.0,0.0,0.0,-1542.2999999999997,0.0,-3233.960000000001
96265,-2700.0,0.0,-0.84,0.0,0.0,0.0,0.0,0.0,0.0,0.0,0.0,0.0,0.0,0.0,-34.9,0.0,-112.02,0.0,-3025.2199999999993,-3.74,0.0,0.0,-31.11,-2829.7000000000003,0.0,-3080.0,0.0,0.0,-37.94,0.0,-3644.9500000000003,-789.6599999999999,0.0,0.0,-640.0,0.0,-2910.3799999999997,0.0,0.0,0.0,-36.77,-21895.0,0.0,-3026.2599999999998,0.0,-3653.8800000000024,-2693.6999999999994,0.0,0.0,-2422.8600000000006,0.0,0.0,0.0,-3394.240000000001,0.0,0.0,0.0,-3940.0,-99.79999999999998,0.0,0.0,0.0,-3325.62,0.0,35223.0,0.0,0.0,0.0,0.0,-2105.54,-2508.77,-1299.3,0.0,0.0,-1566.9900000000002,-1055.8100000000002,-1053.3299999999997,-621.0500000000001,-2614.049999999999,0.0,0.0,0.0,-3462.750000000001,0.0,-1326.96,-1421.93,-2733.91,0.0,-500.0,0.0,-2417.3300000000004,0.0,0.0,-843.1299999999998,-1060.0,0.0,0.0,-1159.8999999999999,-3348.370000000001,0.0
23752,0.0,0.0,-109.52,0.0,0.0,0.0,0.0,0.0,0.0,0.0,0.0,0.0,0.0,0.0,-13.91,-922.6900000000002,-20.05,0.0,-2682.830000000001,-36.99,-37.9,0.0,-32.96,-2689.02,-1091.83,0.0,0.0,0.0,-0.27,-21.85,-2304.96,-957.27,0.0,0.0,0.0,0.0,-3461.6599999999994,0.0,-14.85,-118.66,-3.12,-21870.0,-455.09000000000003,-3345.209999999999,-29.09,-2871.34,-2966.939999999999,-20.21,0.0,-2631.480000000001,-4.77,0.0,0.0,-3004.1099999999983,0.0,0.0,0.0,-3940.0,-99.79999999999998,0.0,0.0,0.0,-2796.040000000001,0.0,32081.0,0.0,0.0,0.0,0.0,-3002.94,-2725.079999999999,-1578.67,0.0,-24.75,-1521.0599999999997,-1328.6600000000003,-1122.4999999999998,-1174.04,-3367.520000000001,0.0,0.0,0.0,-2739.7799999999997,-7.32,-1600.08,-1443.8500000000006,-2345.62,-410.0500000000001,0.0,0.0,-2567.5399999999995,0.0,0.0,-1335.6,0.0,-598.7800000000001,-8.09,-807.66,-2509.5600000000004,0.0
35277,0.0,0.0,-36.14,0.0,0.0,-3528.940000000001,-4455.6,0.0,0.0,-3651.8899999999994,0.0,-3432.3199999999993,-4178.930000000001,0.0,-16.16,-469.52,0.0,0.0,0.0,-73.59,-35.52,0.0,0.0,0.0,-1074.08,0.0,0.0,0.0,0.0,-24.51,0.0,-1798.85,0.0,0.0,-640.0,0.0,0.0,-3315.8600000000006,-114.1,-25.68,-27.36,-21782.0,-612.8199999999999,0.0,-65.27,0.0,0.0,-31.39,0.0,-2273.9000000000005,-54.15,0.0,-2819.32,0.0,-3991.049999999999,0.0,0.0,0.0,0.0,0.0,0.0,0.0,0.0,-5035.210000000001,36900.0,0.0,0.0,0.0,0.0,-2751.6600000000003,-2213.58,-1593.9099999999999,0.0,-17.71,-1236.8900000000003,-1292.2600000000004,-1229.9500000000005,-1220.1200000000001,0.0,0.0,0.0,0.0,0.0,-20.22,-1236.9999999999998,-1133.8699999999997,-2299.4600000000005,-468.4200000000001,0.0,0.0,-2065.2400000000002,0.0,0.0,-1100.5,0.0,-493.59,-1.31,-907.1,0.0,0.0
68995,-2700.0,-3660.09,-33.58,0.0,0.0,0.0,0.0,0.0,0.0,0.0,0.0,0.0,0.0,-3731.6100000000006,-9.72,0.0,-27.15,-3564.8,0.0,-8.83,-5.55,0.0,-34.95,0.0,0.0,-3080.0,0.0,-4079.67,-12.56,-14.49,0.0,-904.4800000000001,0.0,-3404.459999999999,-640.0,0.0,0.0,0.0,-24.22,-19.15,-39.6,-20153.0,0.0,0.0,-49.32,0.0,0.0,-32.05,0.0,-3064.9799999999996,-33.88,0.0,0.0,0.0,0.0,-3570.619999999999,-3849.33,-3940.0,-99.79999999999998,0.0,0.0,0.0,0.0,0.0,47950.0,0.0,0.0,0.0,0.0,-2259.78,-2155.16,-1168.3000000000004,0.0,-23.36,-1559.8999999999999,-1084.72,-1300.5400000000002,-1338.03,0.0,-2979.7799999999997,0.0,0.0,0.0,-103.11,-1574.2700000000002,-1484.9799999999996,-2261.4800000000005,0.0,0.0,-3988.73,-2907.0099999999998,0.0,-4066.8299999999995,-1513.3,0.0,0.0,-57.66,-1735.2800000000002,0.0,0.0
12013,0.0,-3874.450000000001,-15.49,0.0,0.0,0.0,0.0,0.0,0.0,0.0,0.0,0.0,0.0,-4223.090000000003,-25.04,0.0,-10.46,-4048.55,0.0,-24.21,-16.96,0.0,-1.31,0.0,0.0,-3080.0,0.0,-3654.9700000000003,-0.04,-83.06,0.0,-1637.2,0.0,-4368.559999999998,-640.0,0.0,0.0,0.0,-31.23,-2.82,-29.79,-21431.0,0.0,0.0,-24.05,0.0,0.0,-27.77,0.0,-2478.9400000000005,-4.94,0.0,0.0,0.0,0.0,-3817.650000000003,-3606.7300000000005,-3940.0,-99.79999999999998,0.0,0.0,0.0,0.0,0.0,2188.0,0.0,0.0,0.0,0.0,-2126.69,-2106.659999999999,-1525.7999999999997,0.0,-25.45,-1363.3800000000003,-908.55,-1393.6599999999999,-1220.0299999999997,0.0,-3937.549999999999,0.0,0.0,0.0,-11.78,-1420.66,-1557.0500000000002,-2390.1600000000003,0.0,-500.0,-3735.1399999999985,-3048.6000000000004,0.0,-3963.9899999999993,-1003.3000000000002,-1060.0,0.0,-9.72,-744.66,0.0,0.0
34686,0.0,0.0,0.0,0.0,0.0,0.0,0.0,0.0,0.0,0.0,0.0,0.0,0.0,0.0,0.0,0.0,-6.42,0.0,-2944.8599999999988,0.0,0.0,0.0,-38.23,-3155.200000000001,0.0,-3080.0,0.0,0.0,-8.87,0.0,-3346.3899999999985,-1726.1399999999999,0.0,0.0,0.0,0.0,-3810.28,0.0,0.0,0.0,0.0,-21900.0,0.0,-3629.2900000000004,0.0,-2787.2599999999998,-2631.4599999999996,0.0,0.0,-3101.0099999999993,0.0,0.0,0.0,-3665.2200000000003,0.0,0.0,0.0,0.0,0.0,0.0,0.0,0.0,-3389.0899999999997,0.0,79760.0,0.0,0.0,0.0,0.0,-2720.100000000001,-2793.379999999998,-1115.6699999999998,0.0,0.0,-1641.24,-1125.5600000000002,-1135.7100000000003,-1090.64,-3681.8999999999987,0.0,0.0,0.0,-3652.7600000000007,0.0,-692.4000000000001,-1376.0600000000002,-2666.82,0.0,0.0,0.0,-2532.9799999999996,0.0,0.0,-1049.4299999999998,0.0,0.0,0.0,-844.4699999999998,-2953.74,0.0
46816,-2700.0,0.0,0.0,0.0,0.0,0.0,0.0,0.0,0.0,0.0,0.0,0.0,0.0,0.0,0.0,0.0,-113.95,0.0,-3566.8499999999976,0.0,0.0,0.0,-38.24,-2972.16,0.0,-3080.0,0.0,0.0,-44.34,0.0,-3067.5699999999997,-1417.5000000000002,0.0,0.0,-640.0,0.0,-3099.69,0.0,0.0,0.0,0.0,-20674.0,0.0,-3133.7800000000016,0.0,-3099.48,-2924.3499999999995,0.0,0.0,-2564.3900000000003,0.0,0.0,0.0,-3453.7000000000003,0.0,0.0,0.0,-3940.0,0.0,0.0,0.0,0.0,-2843.230000000001,0.0,85220.0,0.0,0.0,0.0,0.0,-2156.82,-1843.7300000000002,-1265.7200000000003,0.0,0.0,-1339.8999999999999,-887.6399999999999,-1326.76,-1953.7800000000004,-3041.7000000000003,0.0,0.0,0.0,-2791.9699999999993,0.0,-1529.5800000000004,-1183.7100000000003,-2267.919999999999,0.0,-500.0,0.0,-2188.2799999999997,0.0,0.0,-1352.2199999999998,-1060.0,0.0,0.0,-1442.6499999999994,-2971.2999999999997,0.0
78908,0.0,-3383.1999999999994,-1.34,0.0,0.0,0.0,0.0,0.0,0.0,0.0,0.0,0.0,0.0,-2673.36,-29.19,-757.1,-115.46,-3768.06,0.0,-35.04,-24.42,0.0,-8.24,0.0,-1204.2499999999998,-3080.0,0.0,-3000.01,-16.48,-8.55,0.0,-1634.8000000000004,0.0,-4053.5,0.0,0.0,0.0,0.0,-1.61,-0.87,-25.76,-21510.0,-659.01,0.0,-63.82,0.0,0.0,-21.46,0.0,-2351.580000000001,-6.61,0.0,0.0,0.0,0.0,-2690.9099999999994,-3281.030000000001,-3940.0,-99.79999999999998,0.0,0.0,0.0,0.0,0.0,82120.0,0.0,0.0,0.0,0.0,-2206.94,-2439.4000000000005,-1082.35,0.0,-5.9,-1003.8399999999999,-1222.58,-978.2,-1167.2499999999998,0.0,-3329.18,0.0,0.0,0.0,-31.19,-1568.9700000000005,-1369.6399999999999,-2950.84,-434.24,0.0,-3624.590000000002,-2321.67,0.0,-3160.230000000001,-1326.22,-1060.0,-428.5799999999999,-5.89,-795.4899999999999,0.0,0.0
13015,-2700.0,-4158.850000000001,0.0,0.0,0.0,0.0,0.0,0.0,0.0,0.0,0.0,0.0,0.0,-3088.5200000000004,0.0,0.0,-1.08,-3862.99,0.0,0.0,-1.53,0.0,-20.47,0.0,0.0,-3080.0,0.0,-3803.8900000000003,-21.94,-15.02,0.0,-1228.56,0.0,-4454.589999999999,-640.0,0.0,0.0,0.0,-57.07,-6.24,0.0,-21612.0,0.0,0.0,-34.57,0.0,0.0,-27.83,0.0,-2417.0899999999992,-26.7,0.0,0.0,0.0,0.0,-4157.509999999999,-4114.789999999999,0.0,0.0,0.0,0.0,0.0,0.0,0.0,54620.0,0.0,0.0,0.0,0.0,-2608.59,-3385.959999999999,-1445.6499999999996,0.0,-17.88,-1773.0300000000004,-1447.5800000000002,-1072.92,-787.6600000000001,0.0,-3726.209999999998,0.0,0.0,0.0,-39.25,-1177.01,-1099.0500000000002,-3008.9199999999983,0.0,0.0,-3934.089999999998,-2212.3,0.0,-3672.4,-935.53,0.0,0.0,-29.25,-1108.38,0.0,0.0
73275,0.0,0.0,-38.56,0.0,0.0,0.0,0.0,0.0,0.0,0.0,0.0,0.0,0.0,0.0,-117.24,0.0,0.0,0.0,0.0,-9.03,-36.56,0.0,0.0,0.0,0.0,-3080.0,0.0,0.0,0.0,-35.81,0.0,-4966.6799999999985,-2995.3600000000006,0.0,-640.0,0.0,0.0,0.0,-118.12,-35.0,-21.19,-21673.0,0.0,0.0,-103.86,0.0,0.0,-28.75,0.0,-2444.2399999999993,-17.98,0.0,0.0,0.0,0.0,0.0,0.0,-3940.0,-99.79999999999998,-3282.6400000000012,-3517.84,0.0,0.0,0.0,27030.0,-4212.7800000000025,-2855.29,-3065.9900000000002,-3391.2899999999995,-2603.86,-3030.0300000000007,-1562.8,-4013.9500000000007,-32.53,-1102.2299999999998,-1469.0500000000002,-1469.6699999999996,-1322.41,0.0,0.0,0.0,0.0,0.0,-22.76,-1527.1700000000003,-1641.0400000000004,-2234.5600000000004,0.0,0.0,0.0,-2773.78,0.0,0.0,-1530.6600000000005,-1060.0,0.0,-32.92,-1571.63,0.0,-3968.859999999999
9367,-2700.0,0.0,0.0,0.0,0.0,0.0,0.0,0.0,0.0,0.0,0.0,0.0,0.0,0.0,0.0,0.0,0.0,0.0,0.0,0.0,-5.46,0.0,0.0,0.0,0.0,-3080.0,0.0,0.0,0.0,0.0,0.0,-5409.269999999998,-3491.4200000000005,0.0,-640.0,0.0,0.0,0.0,0.0,0.0,0.0,-20995.0,0.0,0.0,0.0,0.0,0.0,-69.14,0.0,-2716.9900000000002,0.0,0.0,0.0,0.0,0.0,0.0,0.0,0.0,0.0,-4664.729999999999,-4481.38,0.0,0.0,0.0,17563.0,-4211.130000000001,-3562.7799999999984,-4197.419999999998,-3909.79,-2434.3,-3044.5699999999993,-1038.03,-4603.189999999999,0.0,-1262.8000000000004,-1191.3200000000002,-1241.11,-1135.0700000000002,0.0,0.0,0.0,0.0,0.0,-21.12,-1064.4199999999998,-1309.4000000000003,-2013.1499999999994,0.0,-500.0,0.0,-3037.0299999999993,0.0,0.0,-1291.2700000000004,-1060.0,0.0,-13.01,-1525.5599999999995,0.0,-3592.1200000000003
3015,0.0,0.0,0.0,0.0,0.0,-3225.979999999999,-3838.1700000000005,0.0,0.0,-3788.0399999999995,0.0,-4463.8300000000045,-3393.25,0.0,0.0,-1335.08,0.0,0.0,0.0,0.0,0.0,0.0,0.0,0.0,-929.87,0.0,0.0,0.0,0.0,-27.76,0.0,-1804.1799999999996,0.0,0.0,0.0,0.0,0.0,-4812.880000000001,-6.3,-21.49,0.0,-19424.0,-549.41,0.0,-7.3,0.0,0.0,0.0,0.0,-2326.0900000000006,-21.39,0.0,-4223.270000000002,0.0,-3541.4500000000016,0.0,0.0,-3940.0,0.0,0.0,0.0,0.0,0.0,-3973.4,21010.0,0.0,0.0,0.0,0.0,-2269.6600000000003,-1679.4299999999996,-1165.33,0.0,-75.58,-1483.5800000000002,-888.89,-1251.44,-1071.26,0.0,0.0,0.0,0.0,0.0,0.0,-898.59,-1573.3100000000002,-2657.5899999999997,-828.4399999999999,0.0,0.0,-2100.87,0.0,0.0,-856.28,0.0,-833.3000000000001,0.0,-1414.8,0.0,0.0
28816,0.0,0.0,-6.05,0.0,0.0,-3699.059999999999,-4665.159999999999,0.0,0.0,-3620.459999999999,0.0,-4412.970000000001,-4214.859999999997,0.0,-9.67,0.0,0.0,0.0,0.0,-4.88,-5.5,0.0,0.0,0.0,0.0,-3080.0,0.0,0.0,0.0,-24.29,0.0,-1011.8699999999997,0.0,0.0,-640.0,0.0,0.0,-4948.720000000006,-10.6,-32.81,-2.09,-22823.0,0.0,0.0,-64.47,0.0,0.0,-7.97,0.0,-2782.320000000001,-19.23,0.0,-4041.4899999999993,0.0,-4640.74,0.0,0.0,-3940.0,-99.79999999999998,0.0,0.0,0.0,0.0,-4478.78,35154.0,0.0,0.0,0.0,0.0,-2322.59,-2131.61,-1237.4599999999998,0.0,-22.29,-1212.35,-1442.21,-812.5199999999999,-1440.6199999999994,0.0,0.0,0.0,0.0,0.0,-17.81,-1371.1499999999996,-1635.42,-2658.0899999999997,0.0,-500.0,0.0,-1813.3800000000003,0.0,0.0,-1155.5699999999997,0.0,0.0,-65.19,-916.1399999999999,0.0,0.0
94765,-2700.0,0.0,-30.46,-2501.8999999999996,-2949.210000000001,0.0,0.0,-2284.610000000001,-2132.7200000000003,0.0,-2667.21,0.0,0.0,0.0,-32.01,0.0,0.0,0.0,0.0,-34.36,-0.17,-2855.6000000000004,0.0,0.0,0.0,-3080.0,-2550.64,0.0,0.0,-119.55,0.0,-1359.7000000000005,0.0,0.0,-640.0,-2766.3,0.0,0.0,-36.44,-82.62,-25.45,-21262.0,0.0,0.0,-35.54,0.0,0.0,-25.47,-2724.2800000000007,-2104.5300000000007,-73.09,-2982.89,0.0,0.0,0.0,0.0,0.0,-3940.0,-99.79999999999998,0.0,0.0,-2218.280000000001,0.0,0.0,62440.0,0.0,0.0,0.0,0.0,-2455.88,-2497.5200000000004,-1399.3500000000001,0.0,-41.82,-1502.0500000000002,-1089.8899999999999,-898.5699999999997,-1771.6900000000005,0.0,0.0,-2404.0500000000006,-2752.490000000001,0.0,-6.82,-1200.66,-1413.82,-2392.31,0.0,-500.0,0.0,-2855.910000000001,-3012.2499999999995,0.0,-937.6499999999996,-1060.0,0.0,-24.4,-1326.8,0.0,0.0
10115,-2700.0,0.0,-9.25,0.0,0.0,-4664.25,-4149.999999999999,0.0,0.0,-3819.689999999999,0.0,-3828.500000000001,-3764.440000000001,0.0,-80.54,0.0,0.0,0.0,0.0,-29.75,-7.18,0.0,0.0,0.0,0.0,-3080.0,0.0,0.0,0.0,-8.33,0.0,-1151.76,0.0,0.0,-640.0,0.0,0.0,-3578.6400000000003,-28.49,-25.3,-104.7,-21857.0,0.0,0.0,-20.42,0.0,0.0,-29.94,0.0,-2399.57,-33.26,0.0,-3978.8,0.0,-4261.819999999999,0.0,0.0,0.0,-99.79999999999998,0.0,0.0,0.0,0.0,-4052.9600000000014,89920.0,0.0,0.0,0.0,0.0,-3070.2499999999995,-2256.8200000000006,-1019.3499999999999,0.0,-28.06,-1195.8099999999997,-1390.8299999999997,-1042.8700000000001,-1569.3200000000006,0.0,0.0,0.0,0.0,0.0,-34.06,-865.9299999999998,-1178.1399999999999,-2339.4900000000007,0.0,-500.0,0.0,-2423.0399999999995,0.0,0.0,-878.12,-1060.0,0.0,-36.79,-1320.3100000000004,0.0,0.0
1882,-2700.0,0.0,-32.32,0.0,0.0,0.0,0.0,0.0,0.0,0.0,0.0,0.0,0.0,0.0,-16.07,0.0,-25.64,0.0,-3113.3000000000006,-31.19,-15.85,0.0,-13.37,-2573.6500000000005,0.0,-3080.0,0.0,0.0,-4.92,-23.93,-2966.38,-1067.02,0.0,0.0,-640.0,0.0,-3769.220000000001,0.0,-33.02,-12.78,-33.79,-23058.0,0.0,-3401.840000000001,-106.7,-2886.329999999999,-3351.5799999999995,-62.95,0.0,-2977.3499999999985,-8.97,0.0,0.0,-3408.9900000000007,0.0,0.0,0.0,-3940.0,-99.79999999999998,0.0,0.0,0.0,-3659.9499999999994,0.0,38020.0,0.0,0.0,0.0,0.0,-3149.8999999999996,-2625.6299999999997,-1756.9599999999998,0.0,-4.82,-1314.3,-1921.5000000000007,-1278.8,-1307.1100000000001,-2729.2900000000004,0.0,0.0,0.0,-3350.04,-6.81,-1214.0500000000002,-1766.6800000000003,-3004.2799999999993,0.0,-500.0,0.0,-2754.5699999999997,0.0,0.0,-960.5399999999997,-1060.0,0.0,-28.79,-1335.78,-2591.2200000000007,0.0
19370,0.0,0.0,-4.85,0.0,0.0,0.0,0.0,0.0,0.0,0.0,0.0,0.0,0.0,0.0,-14.37,0.0,0.0,0.0,0.0,-9.89,-37.76,0.0,0.0,0.0,0.0,-3080.0,0.0,0.0,0.0,-29.94,0.0,-5275.400000000001,-4915.41,0.0,-640.0,0.0,0.0,0.0,-32.62,-118.43,-60.64,-21137.0,0.0,0.0,-32.54,0.0,0.0,-15.94,0.0,-2065.060000000001,-34.93,0.0,0.0,0.0,0.0,0.0,0.0,0.0,0.0,-4397.49,-2801.1299999999997,0.0,0.0,0.0,42940.0,-4154.179999999999,-4316.859999999999,-4563.43,-3752.82,-3559.7099999999996,-2353.91,-1090.0399999999997,-3854.97,-70.27,-1022.3399999999999,-1204.8300000000004,-1249.8900000000003,-1070.3100000000002,0.0,0.0,0.0,0.0,0.0,-37.65,-1964.2200000000003,-1039.09,-2231.01,0.0,-500.0,0.0,-2861.9799999999996,0.0,0.0,-1232.8899999999999,0.0,0.0,-6.36,-1078.2699999999998,0.0,-3856.36
13799,0.0,0.0,0.0,0.0,0.0,0.0,0.0,0.0,0.0,0.0,0.0,0.0,0.0,0.0,0.0,0.0,0.0,0.0,0.0,0.0,-42.16,0.0,0.0,0.0,0.0,0.0,0.0,0.0,0.0,0.0,0.0,-3936.2599999999998,-3696.9799999999996,0.0,0.0,0.0,0.0,0.0,0.0,0.0,0.0,-22309.0,0.0,0.0,0.0,0.0,0.0,-34.06,0.0,-3159.52,0.0,0.0,0.0,0.0,0.0,0.0,0.0,-3940.0,-99.79999999999998,-4065.3299999999995,-4177.510000000001,0.0,0.0,0.0,14800.0,-5195.53,-3786.350000000001,-3187.7399999999984,-3940.6400000000003,-2481.2499999999995,-2701.4399999999996,-1073.0800000000002,-4353.09,0.0,-1600.41,-982.4399999999999,-1465.1299999999999,-1736.4999999999998,0.0,0.0,0.0,0.0,0.0,-24.59,-888.96,-1328.3599999999994,-3318.6699999999996,0.0,-500.0,0.0,-2722.1699999999996,0.0,0.0,-1406.5899999999997,0.0,0.0,-15.22,-1946.6200000000001,0.0,-3882.0
72851,-2700.0,-3895.6999999999994,-9.15,0.0,0.0,0.0,0.0,0.0,0.0,0.0,0.0,0.0,0.0,-3537.810000000001,-12.02,0.0,-33.92,-3938.5099999999998,0.0,-8.65,-103.0,0.0,-77.85,0.0,0.0,-3080.0,0.0,-3095.519999999998,-24.08,-33.25,0.0,-1420.48,0.0,-4645.51,-640.0,0.0,0.0,0.0,-2.41,-62.19,-16.34,-20398.0,0.0,0.0,-61.78,0.0,0.0,-66.1,0.0,-2328.3,-57.66,0.0,0.0,0.0,0.0,-3671.870000000001,-3319.260000000001,-3940.0,-99.79999999999998,0.0,0.0,0.0,0.0,0.0,21745.0,0.0,0.0,0.0,0.0,-1957.78,-2598.3499999999995,-1221.42,0.0,-12.96,-1049.6100000000001,-1609.64,-1366.0099999999998,-847.8399999999999,0.0,-3604.41,0.0,0.0,0.0,-25.69,-979.0000000000001,-1247.7000000000003,-2723.3399999999992,0.0,-500.0,-3740.56,-2239.86,0.0,-3872.1900000000005,-1164.34,0.0,0.0,-6.47,-1473.6200000000008,0.0,0.0
99128,-2700.0,0.0,-1.04,0.0,0.0,0.0,0.0,0.0,0.0,0.0,0.0,0.0,0.0,0.0,-23.62,0.0,0.0,0.0,0.0,-97.22,-13.26,0.0,0.0,0.0,0.0,-3080.0,0.0,0.0,0.0,-37.17,0.0,-5306.7599999999975,-3080.699999999999,0.0,0.0,0.0,0.0,0.0,-9.5,-30.29,-21.61,-22801.0,0.0,0.0,-25.66,0.0,0.0,-8.62,0.0,-2436.73,-28.27,0.0,0.0,0.0,0.0,0.0,0.0,-3940.0,0.0,-3046.5699999999997,-2912.0699999999983,0.0,0.0,0.0,55580.0,-3341.280000000001,-4197.11,-3978.2699999999995,-3984.2599999999984,-2051.8299999999995,-2226.8399999999997,-1744.07,-3889.699999999999,-16.09,-1155.73,-1066.33,-1412.98,-1302.8600000000001,0.0,0.0,0.0,0.0,0.0,-26.85,-1291.44,-1372.7699999999998,-1656.55,0.0,-500.0,0.0,-2387.6200000000003,0.0,0.0,-1224.55,0.0,0.0,-37.95,-1428.74,0.0,-3415.0199999999995
28143,-2700.0,-3700.779999999999,-36.93,0.0,0.0,0.0,0.0,0.0,0.0,0.0,0.0,0.0,0.0,-4071.7800000000007,-0.93,0.0,-2.32,-4386.02,0.0,-33.07,-15.52,0.0,-27.36,0.0,0.0,-3080.0,0.0,-3815.089999999999,-35.2,0.0,0.0,-1583.1800000000003,0.0,-3708.2100000000005,0.0,0.0,0.0,0.0,0.0,0.0,-11.2,-21426.0,0.0,0.0,0.0,0.0,0.0,-64.89,0.0,-2883.7999999999993,0.0,0.0,0.0,0.0,0.0,-3589.8300000000004,-3942.47,-3940.0,0.0,0.0,0.0,0.0,0.0,0.0,51840.0,0.0,0.0,0.0,0.0,-2686.2300000000005,-2316.379999999999,-1050.6299999999999,0.0,0.0,-1040.13,-1256.9799999999998,-1481.3599999999994,-1656.1700000000008,0.0,-3846.3300000000004,0.0,0.0,0.0,-32.56,-1182.7200000000003,-1629.48,-2821.5899999999997,0.0,0.0,-3421.370000000001,-2639.8199999999997,0.0,-3629.109999999999,-1155.7400000000002,0.0,0.0,-10.74,-1127.7099999999998,0.0,0.0
16060,-2700.0,0.0,-37.63,0.0,0.0,-3551.18,-4108.68,0.0,0.0,-4116.099999999999,0.0,-3266.409999999998,-4312.04,0.0,-2.57,-404.2900000000001,0.0,0.0,0.0,-53.36,-2.43,0.0,0.0,0.0,-680.2299999999999,-3080.0,0.0,0.0,0.0,-6.3,0.0,-1571.8799999999994,0.0,0.0,0.0,0.0,0.0,-4145.890000000001,-7.61,-22.24,-52.11,-20390.0,-666.2900000000001,0.0,-10.59,0.0,0.0,-38.23,0.0,-2875.6400000000003,-1.54,0.0,-3606.7300000000005,0.0,-3617.1099999999988,0.0,0.0,-3940.0,0.0,0.0,0.0,0.0,0.0,-4174.5199999999995,34230.0,0.0,0.0,0.0,0.0,-2264.320000000001,-2136.620000000001,-1196.2099999999998,0.0,-50.06,-1692.4399999999998,-1327.3000000000004,-1286.8100000000006,-876.34,0.0,0.0,0.0,0.0,0.0,-3.9,-1376.5500000000002,-966.0899999999997,-3092.2099999999987,-755.1100000000001,-500.0,0.0,-2575.89,0.0,0.0,-1082.5600000000004,-1060.0,-601.9100000000001,-37.95,-1411.92,0.0,0.0
52299,-2700.0,0.0,0.0,-2492.4499999999994,-2581.4599999999996,0.0,0.0,-2623.9200000000005,-3024.390000000001,0.0,-1926.0300000000002,0.0,0.0,0.0,0.0,0.0,0.0,0.0,0.0,0.0,-6.71,-3386.980000000001,0.0,0.0,0.0,-3080.0,-2118.07,0.0,0.0,-46.78,0.0,-1554.0400000000004,0.0,0.0,-640.0,-2713.0099999999993,0.0,0.0,-21.99,-2.4,0.0,-21197.0,0.0,0.0,-20.06,0.0,0.0,-15.9,-1980.2399999999998,-3287.12,-28.15,-2405.5900000000006,0.0,0.0,0.0,0.0,0.0,0.0,-99.79999999999998,0.0,0.0,-2927.55,0.0,0.0,71280.0,0.0,0.0,0.0,0.0,-2686.4999999999995,-2640.1999999999994,-1292.0800000000004,0.0,-6.21,-998.9799999999999,-993.6299999999999,-1227.8799999999997,-1504.7699999999998,0.0,0.0,-2994.2100000000005,-2554.7200000000003,0.0,-29.21,-1459.3999999999999,-909.6399999999999,-2712.14,0.0,-500.0,0.0,-2724.19,-2198.81,0.0,-821.5400000000002,-1060.0,0.0,-86.67,-956.59,0.0,0.0
9340,-2700.0,0.0,0.0,-3533.2700000000013,-2792.0699999999993,0.0,0.0,-2277.689999999999,-2799.0,0.0,-3094.260000000001,0.0,0.0,0.0,0.0,0.0,0.0,0.0,0.0,0.0,0.0,-2957.2700000000013,0.0,0.0,0.0,-3080.0,-2637.17,0.0,0.0,0.0,0.0,-1606.77,0.0,0.0,-640.0,-2452.18,0.0,0.0,0.0,0.0,0.0,-21218.0,0.0,0.0,0.0,0.0,0.0,0.0,-2920.64,-1956.9399999999998,0.0,-3162.4999999999995,0.0,0.0,0.0,0.0,0.0,-3940.0,-99.79999999999998,0.0,0.0,-2345.41,0.0,0.0,59240.0,0.0,0.0,0.0,0.0,-2800.190000000001,-2546.1299999999997,-1085.15,0.0,0.0,-1502.5499999999997,-971.7099999999999,-1339.6500000000003,-1453.6600000000005,0.0,0.0,-3072.12,-2444.7200000000003,0.0,0.0,-1379.39,-1288.0800000000002,-2940.5400000000004,0.0,-500.0,0.0,-2013.8199999999995,-2915.2199999999993,0.0,-1232.8099999999997,0.0,0.0,0.0,-1012.3900000000001,0.0,0.0
24694,-2700.0,0.0,-6.8,0.0,0.0,0.0,0.0,0.0,0.0,0.0,0.0,0.0,0.0,0.0,-14.0,0.0,0.0,0.0,0.0,-4.37,-96.14,0.0,0.0,0.0,0.0,-3080.0,0.0,0.0,0.0,-9.37,0.0,-6047.839999999998,-4107.540000000001,0.0,-640.0,0.0,0.0,0.0,-18.72,-44.56,-33.65,-21182.0,0.0,0.0,-20.95,0.0,0.0,-29.39,0.0,-2570.5999999999995,-75.63,0.0,0.0,0.0,0.0,0.0,0.0,0.0,-99.79999999999998,-3859.7200000000003,-3214.2100000000005,0.0,0.0,0.0,43095.0,-4654.420000000002,-3932.79,-3281.4100000000003,-3218.889999999999,-1999.0000000000002,-2453.4,-1607.39,-3295.329999999999,-24.77,-1386.1299999999997,-1027.21,-1275.5299999999997,-1446.79,0.0,0.0,0.0,0.0,0.0,-9.14,-1450.0100000000004,-1176.41,-2528.920000000001,0.0,-500.0,0.0,-2610.48,0.0,0.0,-1287.08,-1060.0,0.0,-75.99,-1502.34,0.0,-4310.619999999998
3122,0.0,0.0,-62.61,0.0,0.0,-5024.6799999999985,-5051.27,0.0,0.0,-4128.770000000001,0.0,-4267.110000000001,-3737.1400000000003,0.0,-2.93,0.0,0.0,0.0,0.0,-35.01,0.0,0.0,0.0,0.0,0.0,0.0,0.0,0.0,0.0,0.0,0.0,-1405.9300000000003,0.0,0.0,-640.0,0.0,0.0,-4277.670000000002,0.0,0.0,-40.25,-20805.0,0.0,0.0,0.0,0.0,0.0,0.0,0.0,-2449.0199999999995,0.0,0.0,-4529.16,0.0,-4085.5700000000006,0.0,0.0,0.0,-99.79999999999998,0.0,0.0,0.0,0.0,-4337.47,13880.0,0.0,0.0,0.0,0.0,-2297.92,-2188.1,-1159.94,0.0,0.0,-1484.4999999999998,-1176.72,-1263.3799999999999,-1162.12,0.0,0.0,0.0,0.0,0.0,0.0,-1036.3799999999997,-1491.9999999999995,-3522.0899999999997,0.0,0.0,0.0,-3197.4600000000005,0.0,0.0,-1479.2400000000002,0.0,0.0,0.0,-805.78,0.0,0.0
42018,0.0,0.0,-28.6,0.0,0.0,0.0,0.0,0.0,0.0,0.0,0.0,0.0,0.0,0.0,-17.38,0.0,0.0,0.0,0.0,-0.83,-107.45,0.0,0.0,0.0,0.0,-3080.0,0.0,0.0,0.0,-4.41,0.0,-4332.87,-4314.939999999998,0.0,-640.0,0.0,0.0,0.0,-13.07,-35.69,-39.79,-20412.0,0.0,0.0,-22.62,0.0,0.0,-1.68,0.0,-2136.7,-53.72,0.0,0.0,0.0,0.0,0.0,0.0,0.0,-99.79999999999998,-3699.549999999999,-4136.380000000001,0.0,0.0,0.0,39200.0,-3243.509999999999,-4315.690000000001,-3814.5600000000004,-3692.199999999999,-2970.5099999999993,-3186.7699999999995,-1326.2400000000002,-3645.89,-14.83,-1739.1600000000003,-1135.15,-1216.1299999999997,-976.9799999999998,0.0,0.0,0.0,0.0,0.0,-23.47,-1314.9499999999998,-1383.0400000000002,-3188.85,0.0,-500.0,0.0,-2402.510000000001,0.0,0.0,-1509.85,-1060.0,0.0,-19.83,-1260.71,0.0,-3957.2000000000007
76016,0.0,0.0,0.0,0.0,0.0,0.0,0.0,0.0,0.0,0.0,0.0,0.0,0.0,0.0,0.0,0.0,0.0,0.0,0.0,0.0,-18.28,0.0,0.0,0.0,0.0,0.0,0.0,0.0,0.0,0.0,0.0,-6582.559999999998,-4167.699999999999,0.0,0.0,0.0,0.0,0.0,0.0,0.0,0.0,-23435.0,0.0,0.0,0.0,0.0,0.0,-39.5,0.0,-2574.359999999999,0.0,0.0,0.0,0.0,0.0,0.0,0.0,0.0,0.0,-3249.3299999999986,-3879.5100000000007,0.0,0.0,0.0,75280.0,-2145.27,-3996.1,-3929.7400000000002,-3509.66,-3469.71,-2199.82,-1781.6200000000003,-4639.3099999999995,0.0,-1353.36,-1560.37,-1160.4799999999998,-1256.8899999999994,0.0,0.0,0.0,0.0,0.0,-97.84,-1017.3199999999999,-1942.1899999999996,-2289.0099999999993,0.0,-500.0,0.0,-2101.95,0.0,0.0,-1375.5000000000002,0.0,0.0,-7.75,-1508.67,0.0,-4005.8400000000015
50846,0.0,0.0,0.0,0.0,0.0,0.0,0.0,0.0,0.0,0.0,0.0,0.0,0.0,0.0,0.0,0.0,-30.27,0.0,-2868.65,0.0,0.0,0.0,-1.26,-2958.129999999999,0.0,0.0,0.0,0.0,-21.13,0.0,-2847.01,-1235.6499999999996,0.0,0.0,0.0,0.0,-3327.08,0.0,0.0,0.0,0.0,-21645.0,0.0,-3721.2200000000025,0.0,-3896.85,-3970.020000000001,0.0,0.0,-2771.129999999999,0.0,0.0,0.0,-3410.350000000001,0.0,0.0,0.0,-3940.0,0.0,0.0,0.0,0.0,-3135.0199999999995,0.0,56360.0,0.0,0.0,0.0,0.0,-2486.05,-2137.5299999999997,-1620.0600000000004,0.0,0.0,-1238.28,-866.8700000000001,-1125.8400000000001,-1286.3500000000006,-3683.6600000000003,0.0,0.0,0.0,-2701.720000000001,0.0,-1387.7300000000002,-1513.8999999999996,-2598.550000000001,0.0,0.0,0.0,-2450.02,0.0,0.0,-1354.4899999999998,0.0,0.0,0.0,-1098.39,-2899.4000000000005,0.0
28328,-2700.0,0.0,-11.23,0.0,0.0,-3170.92,-3729.450000000002,0.0,0.0,-3934.0300000000016,0.0,-2841.949999999998,-3281.4299999999994,0.0,-18.04,-404.57,0.0,0.0,0.0,-28.05,-34.18,0.0,0.0,0.0,-1322.81,-3080.0,0.0,0.0,0.0,-15.81,0.0,-1230.0800000000006,0.0,0.0,0.0,0.0,0.0,-4035.92,-35.56,-43.09,-39.8,-20090.0,-610.5,0.0,-6.77,0.0,0.0,-13.01,0.0,-2552.350000000001,-37.34,0.0,-3614.4800000000005,0.0,-3071.35,0.0,0.0,-3940.0,-99.79999999999998,0.0,0.0,0.0,0.0,-3946.3199999999997,32013.0,0.0,0.0,0.0,0.0,-2384.149999999999,-2136.16,-1458.04,0.0,-27.9,-1094.8500000000001,-1318.6999999999998,-1694.0999999999997,-1729.9899999999998,0.0,0.0,0.0,0.0,0.0,-38.27,-1338.95,-1531.1299999999997,-1792.34,-440.5699999999999,-500.0,0.0,-2750.8800000000006,0.0,0.0,-1615.9500000000003,-1060.0,-542.24,-39.49,-1534.17,0.0,0.0
6896,0.0,0.0,-24.11,-2646.5599999999995,-3006.300000000001,0.0,0.0,-2754.14,-3298.540000000001,0.0,-2573.78,0.0,0.0,0.0,-108.71,0.0,0.0,0.0,0.0,-0.55,-114.02,-3216.17,0.0,0.0,0.0,-3080.0,-3010.0899999999992,0.0,0.0,-28.73,0.0,-1509.3200000000004,0.0,0.0,-640.0,-2916.549999999999,0.0,0.0,-16.9,-18.83,-32.63,-20937.0,0.0,0.0,-13.69,0.0,0.0,-21.81,-2719.22,-2726.9999999999995,-31.88,-2387.769999999999,0.0,0.0,0.0,0.0,0.0,0.0,0.0,0.0,0.0,-2337.8599999999983,0.0,0.0,63811.0,0.0,0.0,0.0,0.0,-2682.3399999999997,-2422.52,-1109.0,0.0,-85.64,-1256.43,-967.77,-1414.0,-932.4100000000001,0.0,0.0,-2870.66,-3314.889999999998,0.0,-14.34,-1370.0699999999997,-1210.1100000000001,-2580.9199999999996,0.0,0.0,0.0,-2353.4100000000003,-2674.8899999999994,0.0,-1116.51,0.0,0.0,-18.18,-1201.3999999999999,0.0,0.0
28337,0.0,0.0,-39.76,0.0,0.0,0.0,0.0,0.0,0.0,0.0,0.0,0.0,0.0,0.0,-4.85,-855.35,-38.89,0.0,-2786.0599999999995,-73.28,-75.82,0.0,-2.05,-3343.86,-1547.5800000000002,-3080.0,0.0,0.0,-69.18,-21.51,-2925.1100000000006,-1253.5399999999997,0.0,0.0,-640.0,0.0,-2752.2699999999995,0.0,-74.34,-31.94,-10.53,-19699.0,-738.3700000000001,-2383.35,-25.77,-3065.0500000000006,-2879.339999999999,-27.72,0.0,-2401.809999999999,-3.14,0.0,0.0,-2664.3899999999994,0.0,0.0,0.0,0.0,0.0,0.0,0.0,0.0,-2027.0999999999997,0.0,55608.0,0.0,0.0,0.0,0.0,-2353.02,-2600.690000000001,-1338.27,0.0,-55.63,-1328.2800000000002,-1341.1800000000005,-1426.67,-1500.4900000000002,-2475.17,0.0,0.0,0.0,-3077.92,-28.09,-1392.7699999999998,-1230.6299999999997,-2774.4,-595.6800000000001,-500.0,0.0,-2906.5199999999995,0.0,0.0,-1190.6399999999999,0.0,-634.0200000000001,-39.55,-1378.7599999999998,-3251.5199999999986,0.0
41101,-2700.0,0.0,-44.9,0.0,0.0,0.0,0.0,0.0,0.0,0.0,0.0,0.0,0.0,0.0,-34.43,-606.77,0.0,0.0,0.0,-16.87,0.0,0.0,0.0,0.0,-1157.39,-3080.0,0.0,0.0,0.0,-14.54,0.0,-4539.620000000002,-3138.66,0.0,-640.0,0.0,0.0,0.0,-2.66,-19.79,-32.07,-21061.0,-857.5399999999997,0.0,-14.62,0.0,0.0,0.0,0.0,-1962.62,-11.49,0.0,0.0,0.0,0.0,0.0,0.0,-3940.0,-99.79999999999998,-4166.190000000001,-3430.140000000001,0.0,0.0,0.0,76120.0,-3607.7900000000004,-3483.1700000000005,-2689.8500000000004,-4265.469999999999,-2623.42,-2060.8800000000006,-1270.3300000000002,-3541.53,-77.14,-794.4699999999999,-1245.6299999999997,-1455.1100000000004,-1176.61,0.0,0.0,0.0,0.0,0.0,0.0,-1177.6,-1573.5400000000002,-1876.2099999999996,-655.1700000000001,-500.0,0.0,-2353.7899999999995,0.0,0.0,-1213.9499999999998,-1060.0,-737.5799999999998,0.0,-1119.9700000000003,0.0,-3605.400000000001
2805,-2700.0,0.0,-38.61,0.0,0.0,-4308.650000000001,-3805.360000000001,0.0,0.0,-4775.980000000001,0.0,-4433.630000000002,-4082.78,0.0,-28.37,0.0,0.0,0.0,0.0,-48.54,-112.2,0.0,0.0,0.0,0.0,-3080.0,0.0,0.0,0.0,-93.02,0.0,-1278.25,0.0,0.0,0.0,0.0,0.0,-3738.0199999999973,-31.64,-0.26,-5.11,-19970.0,0.0,0.0,-1.7,0.0,0.0,-9.73,0.0,-2741.390000000001,-0.9,0.0,-5127.870000000001,0.0,-4515.8499999999985,0.0,0.0,-3940.0,-99.79999999999998,0.0,0.0,0.0,0.0,-4622.439999999998,41052.0,0.0,0.0,0.0,0.0,-2618.61,-2535.5099999999998,-1515.22,0.0,-8.1,-907.7699999999999,-1381.16,-1610.0600000000002,-1157.4699999999998,0.0,0.0,0.0,0.0,0.0,-16.94,-1055.7400000000005,-1400.1699999999994,-2156.6000000000004,0.0,-500.0,0.0,-2623.640000000001,0.0,0.0,-971.7,-1060.0,0.0,-26.66,-1507.5699999999997,0.0,0.0
37458,0.0,0.0,-16.41,0.0,0.0,0.0,0.0,0.0,0.0,0.0,0.0,0.0,0.0,0.0,-16.02,0.0,0.0,0.0,0.0,-13.8,-14.08,0.0,0.0,0.0,0.0,0.0,0.0,0.0,0.0,-21.98,0.0,-4607.039999999999,-3785.44,0.0,-640.0,0.0,0.0,0.0,-24.13,-16.56,-39.51,-22413.0,0.0,0.0,-74.18,0.0,0.0,-7.02,0.0,-2113.109999999999,-85.61,0.0,0.0,0.0,0.0,0.0,0.0,-3940.0,0.0,-3702.3399999999992,-3452.28,0.0,0.0,0.0,82720.0,-4566.490000000002,-3931.6000000000004,-3148.51,-3696.479999999999,-3105.8499999999995,-2581.4500000000007,-1420.7900000000002,-4000.349999999998,-7.65,-1180.1499999999999,-1748.5199999999995,-1082.7499999999998,-1710.16,0.0,0.0,0.0,0.0,0.0,-33.96,-1161.3200000000004,-2048.4100000000003,-2128.5200000000004,0.0,-500.0,0.0,-3110.39,0.0,0.0,-971.2499999999998,-1060.0,0.0,-8.76,-1565.4799999999998,0.0,-3858.1099999999983
91528,-2700.0,0.0,-3.13,0.0,0.0,0.0,0.0,0.0,0.0,0.0,0.0,0.0,0.0,0.0,-34.07,0.0,0.0,0.0,0.0,-23.77,-27.41,0.0,0.0,0.0,0.0,-3080.0,0.0,0.0,0.0,-39.92,0.0,-5079.980000000003,-3557.9599999999996,0.0,0.0,0.0,0.0,0.0,-14.66,-9.08,-26.9,-21204.0,0.0,0.0,-1.95,0.0,0.0,-22.81,0.0,-3102.0000000000014,-30.9,0.0,0.0,0.0,0.0,0.0,0.0,0.0,-99.79999999999998,-3812.8699999999994,-3215.4900000000016,0.0,0.0,0.0,3711.0,-3998.9799999999996,-3105.88,-3794.4100000000026,-3833.7199999999984,-2730.4200000000005,-2622.83,-1117.1599999999999,-3976.269999999999,-21.21,-1308.4200000000003,-1588.5000000000005,-1484.4899999999993,-1000.2699999999999,0.0,0.0,0.0,0.0,0.0,-20.02,-1251.0500000000002,-1552.9899999999996,-2349.63,0.0,-500.0,0.0,-2190.6200000000003,0.0,0.0,-1384.8200000000002,-1060.0,0.0,-3.48,-1708.5900000000001,0.0,-3962.67
42059,0.0,0.0,-3.44,0.0,0.0,-4624.460000000002,-4368.400000000002,0.0,0.0,-3572.479999999999,0.0,-3936.4800000000005,-4457.699999999999,0.0,-5.4,0.0,0.0,0.0,0.0,-30.26,-38.57,0.0,0.0,0.0,0.0,0.0,0.0,0.0,0.0,-4.08,0.0,-2018.66,0.0,0.0,0.0,0.0,0.0,-4029.06,-9.95,-22.44,-34.23,-21857.0,0.0,0.0,-8.76,0.0,0.0,-96.54,0.0,-2330.64,-84.0,0.0,-3860.6200000000003,0.0,-4217.489999999999,0.0,0.0,0.0,0.0,0.0,0.0,0.0,0.0,-4671.630000000003,50609.0,0.0,0.0,0.0,0.0,-2306.8299999999995,-2233.1199999999994,-1342.3700000000001,0.0,-32.57,-1351.6,-1499.3300000000002,-1084.4,-1403.9800000000005,0.0,0.0,0.0,0.0,0.0,-5.26,-1410.1100000000001,-1405.3400000000004,-2617.5899999999992,0.0,0.0,0.0,-2855.3799999999997,0.0,0.0,-1262.7899999999997,-1060.0,0.0,-24.92,-1099.85,0.0,0.0
98104,0.0,-3488.910000000001,-22.42,0.0,0.0,0.0,0.0,0.0,0.0,0.0,0.0,0.0,0.0,-3530.51,-4.59,0.0,-33.47,-3204.3799999999987,0.0,-96.6,-11.77,0.0,-29.31,0.0,0.0,0.0,0.0,-4385.969999999999,-28.79,0.0,0.0,-1397.28,0.0,-4427.069999999998,-640.0,0.0,0.0,0.0,0.0,0.0,-28.85,-21532.0,0.0,0.0,0.0,0.0,0.0,-38.14,0.0,-2302.0699999999997,0.0,0.0,0.0,0.0,0.0,-4348.869999999997,-3657.339999999998,-3940.0,0.0,0.0,0.0,0.0,0.0,0.0,34938.0,0.0,0.0,0.0,0.0,-2696.7400000000002,-3596.76,-1266.6200000000001,0.0,0.0,-1543.51,-1254.8800000000003,-1367.9099999999999,-1547.2699999999998,0.0,-3385.0099999999998,0.0,0.0,0.0,-34.47,-1314.3800000000003,-1048.99,-2351.399999999999,0.0,0.0,-4043.09,-2784.200000000001,0.0,-4008.999999999999,-1134.53,0.0,0.0,-37.29,-1549.3100000000006,0.0,0.0
54454,-2700.0,0.0,-8.19,-2896.360000000001,-2494.810000000001,0.0,0.0,-3321.8,-2931.3099999999986,0.0,-3002.210000000001,0.0,0.0,0.0,-22.76,-497.55,0.0,0.0,0.0,-2.73,-79.44,-2468.4700000000007,0.0,0.0,-1328.8599999999997,0.0,-2137.6800000000003,0.0,0.0,-35.15,0.0,-1614.7600000000002,0.0,0.0,-640.0,-1791.2800000000002,0.0,0.0,-39.11,-12.39,-21.58,-21207.0,-295.47999999999996,0.0,-39.41,0.0,0.0,-13.15,-2578.9600000000014,-2949.7299999999987,-24.41,-1864.8999999999999,0.0,0.0,0.0,0.0,0.0,0.0,0.0,0.0,0.0,-1984.4399999999998,0.0,0.0,26766.0,0.0,0.0,0.0,0.0,-2948.080000000001,-3052.9399999999996,-1658.67,0.0,-10.05,-1723.0300000000002,-1409.7999999999997,-1871.7099999999998,-1367.5899999999997,0.0,0.0,-2802.879999999999,-2676.1999999999994,0.0,-12.55,-1336.82,-1448.6699999999998,-2101.2299999999996,-983.3300000000002,-500.0,0.0,-2221.8399999999997,-3339.900000000001,0.0,-1097.65,0.0,-883.55,-21.32,-1185.44,0.0,0.0
